datetime,lat,lon,county,state,hail_size,hail,temp_2m,dewpoint_2m,rh,wind_10m,wind_100m,shear,wind_max,precipitation,pressure,cloudcover,month,hour,prob_twin,prob_xgb
2023-06-13 16:18:00,33.88,-94.79,MCCURTAIN,OKLAHOMA,1.0,1,23.5,20.0,80,11.5,16.4,4.899999999999999,16.4,0.5,993.9,67,6,16,0.148,0.012003092095255852
2023-04-19 18:25:00,35.48,-97.24,OKLAHOMA,OKLAHOMA,1.5,1,24.1,16.8,64,24.9,40.0,15.100000000000001,40.0,0.0,965.0,59,4,18,0.326,0.04376458376646042
2023-09-19 20:03:00,35.3004,-97.5014,CLEVELAND,OKLAHOMA,1.5,1,25.9,17.5,60,15.4,29.3,13.9,29.3,0.0,966.3,6,9,20,0.348,0.027356797829270363
2023-05-12 16:49:00,35.72,-97.98,CANADIAN,OKLAHOMA,1.0,1,31.7,13.0,32,23.9,31.2,7.300000000000001,31.2,0.0,966.5,89,5,16,0.681,0.013658949173986912
2023-03-16 15:22:00,34.0291,-97.1894,LOVE,OKLAHOMA,1.0,1,17.8,15.2,85,14.1,20.8,6.700000000000001,20.8,0.1,975.9,97,3,15,0.113,0.012217146344482899
2023-02-26 21:34:00,35.3615,-97.2813,CLEVELAND,OKLAHOMA,0.75,1,17.5,15.6,89,39.3,63.8,24.5,63.8,0.0,955.3,45,2,21,0.149,0.053038958460092545
2023-03-23 14:25:00,35.2169,-96.5239,SEMINOLE,OKLAHOMA,1.75,1,20.0,17.4,85,12.3,17.6,5.300000000000001,17.6,0.1,979.1,100,3,14,0.111,0.013658949173986912
2023-10-04 13:56:00,34.8701,-98.2186,CADDO,OKLAHOMA,0.75,1,24.4,20.8,80,8.3,11.2,2.8999999999999986,11.2,0.0,967.1,100,10,13,0.149,0.012774139642715454
2023-05-12 17:10:00,36.7287,-97.0549,KAY,OKLAHOMA,1.75,1,26.8,19.1,63,16.3,22.6,6.300000000000001,22.6,0.0,973.2,100,5,17,0.302,0.012003092095255852
2023-05-13 15:51:00,35.57,-97.66,OKLAHOMA,OKLAHOMA,1.25,1,27.9,16.4,50,7.6,9.0,1.4000000000000004,9.0,0.0,972.2,100,5,15,0.384,0.013658949173986912
2023-04-19 19:04:00,35.39,-97.6,OKLAHOMA,OKLAHOMA,1.0,1,22.8,17.5,72,30.2,54.2,24.000000000000004,54.2,0.0,959.9,13,4,19,0.271,0.053038958460092545
2023-06-11 21:13:00,36.56,-102.79,CIMARRON,OKLAHOMA,2.75,1,19.2,12.9,67,13.2,22.8,9.600000000000001,22.8,0.0,866.7,7,6,21,0.253,0.004769870080053806
2023-05-12 18:22:00,35.91,-98.12,KINGFISHER,OKLAHOMA,2.5,1,30.6,13.8,36,14.2,19.6,5.400000000000002,19.6,0.0,967.1,58,5,18,0.509,0.013658949173986912
2023-04-19 17:14:00,35.22,-97.48,CLEVELAND,OKLAHOMA,1.75,1,22.0,17.2,74,16.8,27.3,10.5,27.3,5.3,965.0,75,4,17,0.295,0.013658949173986912
2023-08-11 01:05:00,35.5075,-96.5674,OKFUSKEE,OKLAHOMA,2.25,1,23.9,21.2,85,16.3,29.3,13.0,29.3,6.1,974.8,22,8,1,0.197,0.02618313767015934
2023-03-02 12:37:00,36.8754,-94.8777,OTTAWA,OKLAHOMA,1.75,1,10.4,0.8,51,13.7,21.4,7.699999999999999,21.4,0.0,977.7,85,3,12,0.339,0.003378035966306925
2023-06-06 15:06:00,36.19,-97.1,PAYNE,OKLAHOMA,1.5,1,26.2,17.6,59,15.5,19.3,3.8000000000000007,19.3,2.0,978.6,94,6,15,0.346,0.013658949173986912
2023-04-19 16:50:00,35.64,-97.53,OKLAHOMA,OKLAHOMA,2.0,1,30.1,12.9,35,40.3,54.0,13.700000000000003,54.0,0.1,965.6,37,4,16,0.859,0.03212312236428261
2023-02-16 00:39:00,35.1347,-94.5363,LE FLORE,OKLAHOMA,1.0,1,18.4,16.8,90,18.2,33.7,15.500000000000004,33.7,0.2,987.1,100,2,0,0.03,0.04376458376646042
2023-09-05 18:12:00,36.06,-96.34,CREEK,OKLAHOMA,1.25,1,33.6,20.6,47,6.2,12.8,6.6000000000000005,12.8,0.0,980.5,15,9,18,0.411,0.018397772684693336
2023-04-19 21:03:00,35.46,-97.06,POTTAWATOMIE,OKLAHOMA,1.0,1,20.9,16.9,78,28.5,47.3,18.799999999999997,47.3,0.0,967.2,17,4,21,0.201,0.03872102499008179
2023-06-15 20:03:00,35.26,-97.5,CLEVELAND,OKLAHOMA,1.0,1,24.5,20.0,76,25.3,44.6,19.3,44.6,0.0,962.2,29,6,20,0.221,0.03113078512251377
2023-04-19 17:17:00,35.2952,-97.4885,CLEVELAND,OKLAHOMA,1.0,1,21.4,16.8,75,22.0,33.8,11.799999999999997,33.8,2.9,965.2,79,4,17,0.232,0.040785372257232666
2023-04-10 16:33:00,35.861,-97.9161,KINGFISHER,OKLAHOMA,1.0,1,25.8,10.2,38,8.7,10.5,1.8000000000000007,10.5,0.0,984.9,29,4,16,0.426,0.0060960943810641766
2023-04-19 16:53:00,35.6369,-97.5178,OKLAHOMA,OKLAHOMA,1.75,1,30.1,12.9,35,40.3,54.0,13.700000000000003,54.0,0.1,965.3,37,4,16,0.859,0.03212312236428261
2023-06-15 20:13:00,35.2608,-97.4452,CLEVELAND,OKLAHOMA,1.0,1,24.5,20.0,76,25.3,44.6,19.3,44.6,0.0,962.5,29,6,20,0.221,0.03113078512251377
2023-07-17 12:28:00,36.75,-94.85,OTTAWA,OKLAHOMA,0.88,1,30.8,23.5,65,10.1,14.0,3.9000000000000004,14.0,0.0,985.4,3,7,12,0.279,0.020640430971980095
2023-04-19 16:58:00,35.6485,-97.4677,OKLAHOMA,OKLAHOMA,1.75,1,28.4,13.9,41,35.6,49.5,13.899999999999999,49.5,0.8,964.2,61,4,16,0.601,0.027356797829270363
2023-04-10 15:37:00,35.85,-98.41,BLAINE,OKLAHOMA,1.5,1,24.0,12.1,47,8.8,10.2,1.3999999999999986,10.2,0.0,969.1,20,4,15,0.387,0.0060960943810641766
2023-03-02 12:26:00,36.77,-94.93,OTTAWA,OKLAHOMA,1.5,1,11.0,0.9,50,15.5,22.8,7.300000000000001,22.8,0.0,977.0,100,3,12,0.354,0.003378035966306925
2023-06-13 21:07:00,34.03,-94.74,MCCURTAIN,OKLAHOMA,1.0,1,21.1,20.5,96,9.4,11.2,1.799999999999999,11.2,1.5,990.6,81,6,21,0.035,0.012003092095255852
2023-04-19 16:50:00,35.15,-97.64,MCCLAIN,OKLAHOMA,1.75,1,27.7,15.7,48,17.5,26.3,8.8,26.3,0.9,960.9,53,4,16,0.434,0.013658949173986912
2023-05-22 18:07:00,36.62,-101.15,TEXAS,OKLAHOMA,1.5,1,19.1,14.9,77,13.2,17.6,4.400000000000002,17.6,0.2,914.6,100,5,18,0.173,0.0060960943810641766
2023-03-23 14:45:00,35.43,-96.2645,OKFUSKEE,OKLAHOMA,1.5,1,20.0,18.5,91,10.6,16.3,5.700000000000001,16.3,1.8,980.6,100,3,14,0.037,0.013658949173986912
2023-04-15 14:00:00,35.2393,-94.6218,LE FLORE,OKLAHOMA,2.5,1,26.5,15.3,50,11.5,15.6,4.1,15.6,0.0,989.4,69,4,14,0.378,0.013658949173986912
2023-06-15 19:35:00,35.3011,-97.7568,GRADY,OKLAHOMA,1.25,1,27.2,19.2,61,22.2,43.6,21.400000000000002,43.6,0.0,960.1,100,6,19,0.36,0.04038088023662567
2023-06-12 05:45:00,34.78,-98.29,COMANCHE,OKLAHOMA,1.75,1,19.3,15.1,77,15.5,26.9,11.399999999999999,26.9,0.0,967.9,60,6,5,0.185,0.04832342639565468
2023-04-19 18:15:00,34.4259,-98.6576,COMANCHE,OKLAHOMA,1.0,1,34.0,3.5,15,31.8,43.6,11.8,43.6,0.0,962.7,9,4,18,0.979,0.040785372257232666
2023-02-26 20:13:00,35.0855,-98.6,CADDO,OKLAHOMA,1.0,1,17.4,14.2,82,42.7,68.2,25.5,68.2,0.0,945.3,22,2,20,0.187,0.027588332071900368
2024-09-24 18:20:00,35.208,-97.379,CLEVELAND,OKLAHOMA,1.0,1,28.2,16.2,48,14.0,23.4,9.399999999999999,23.4,0.0,968.0,100,9,18,0.413,0.013658949173986912
2024-05-15 19:18:00,36.6961,-96.7294,OSAGE,OKLAHOMA,3.5,1,21.5,18.0,80,3.9,4.0,0.10000000000000009,4.0,5.8,969.8,100,5,19,0.219,0.013658949173986912
2024-05-04 14:13:00,34.723,-96.6539,PONTOTOC,OKLAHOMA,1.0,1,26.8,18.1,59,10.0,13.6,3.5999999999999996,13.6,0.0,984.7,28,5,14,0.321,0.013658949173986912
2024-05-21 16:33:00,36.2995,-95.6254,ROGERS,OKLAHOMA,0.75,1,30.2,20.3,55,17.2,26.0,8.8,26.0,2.0,982.4,41,5,16,0.401,0.012774139642715454
2024-08-17 00:30:00,35.8381,-95.0711,CHEROKEE,OKLAHOMA,1.0,1,24.8,23.2,91,10.0,21.3,11.3,21.3,0.3,988.8,100,8,0,0.03,0.07113493978977203
2024-05-15 19:05:00,36.7654,-96.8503,KAY,OKLAHOMA,2.2,1,20.5,17.5,83,4.3,4.9,0.6000000000000005,4.9,6.5,967.1,97,5,19,0.199,0.013658949173986912
2024-08-16 17:53:00,36.6706,-97.9103,GRANT,OKLAHOMA,1.0,1,36.2,22.4,45,13.8,17.8,4.0,17.8,0.0,972.0,3,8,17,0.424,0.02199559472501278
2024-03-14 21:42:00,33.96,-94.94,MCCURTAIN,OKLAHOMA,1.0,1,16.8,16.3,97,13.3,21.4,8.099999999999998,21.4,0.9,996.4,100,3,21,0.033,0.013658949173986912
2024-03-14 12:19:00,34.4341,-97.2549,MURRAY,OKLAHOMA,1.0,1,17.4,15.9,91,5.7,7.9,2.2,7.9,6.3,961.5,100,3,12,0.1,0.013658949173986912
2024-05-12 16:00:00,36.68,-101.79,TEXAS,OKLAHOMA,1.75,1,20.4,8.9,48,7.3,8.4,1.1000000000000005,8.4,0.1,891.9,92,5,16,0.378,0.004486005287617445
2024-05-08 17:08:00,36.0391,-95.0494,CHEROKEE,OKLAHOMA,1.25,1,22.4,20.4,88,4.3,8.1,3.8,8.1,0.0,966.2,16,5,17,0.029,0.012003092095255852
2024-05-21 16:41:00,36.0201,-96.0252,TULSA,OKLAHOMA,1.75,1,31.4,20.0,51,17.8,26.7,8.899999999999999,26.7,0.0,981.2,32,5,16,0.41,0.014788164757192135
2024-04-27 13:30:00,36.6945,-97.4085,KAY,OKLAHOMA,1.5,1,19.1,16.7,86,25.6,37.5,11.899999999999999,37.5,0.0,971.5,100,4,13,0.119,0.040785372257232666
2024-05-15 19:09:00,36.69,-96.87,OSAGE,OKLAHOMA,1.75,1,20.8,18.0,84,7.2,6.1,1.1000000000000005,7.2,8.4,966.1,98,5,19,0.198,0.013658949173986912
2024-09-24 17:25:00,35.5577,-97.5279,OKLAHOMA,OKLAHOMA,1.25,1,28.9,17.0,48,17.1,23.6,6.5,23.6,0.0,967.5,89,9,17,0.409,0.013658949173986912
2024-03-14 12:18:00,35.2319,-96.2819,HUGHES,OKLAHOMA,0.88,1,20.4,16.4,78,24.0,36.1,12.100000000000001,36.1,0.0,984.4,100,3,12,0.188,0.040785372257232666
2024-04-30 19:06:00,34.3866,-99.01,TILLMAN,OKLAHOMA,0.75,1,24.7,18.1,67,28.6,41.1,12.5,41.1,0.0,961.4,2,4,19,0.302,0.03354853391647339
2024-06-03 12:42:00,34.7229,-96.6541,PONTOTOC,OKLAHOMA,0.75,1,21.5,20.8,96,9.6,12.8,3.200000000000001,12.8,5.7,981.2,100,6,12,0.095,0.012774139642715454
2024-05-22 13:22:00,34.26,-94.8,MCCURTAIN,OKLAHOMA,1.5,1,21.5,20.9,96,10.7,18.5,7.800000000000001,18.5,0.2,978.9,100,5,13,0.03,0.012774139642715454
2024-05-19 21:13:00,35.5087,-97.5422,OKLAHOMA,OKLAHOMA,1.0,1,26.0,20.0,69,23.8,39.7,15.900000000000002,39.7,0.0,966.4,100,5,21,0.276,0.03413207083940506
2024-04-27 13:40:00,35.0282,-99.1046,KIOWA,OKLAHOMA,1.25,1,22.5,18.1,76,31.7,42.2,10.500000000000004,42.2,0.1,951.3,100,4,13,0.215,0.013658949173986912
2024-05-19 21:50:00,36.3861,-97.891,GARFIELD,OKLAHOMA,1.75,1,23.9,20.0,79,28.9,47.1,18.200000000000003,47.1,0.0,962.1,98,5,21,0.197,0.03413207083940506
2024-05-28 00:20:00,34.2629,-98.2427,COTTON,OKLAHOMA,1.75,1,25.4,11.4,42,19.4,35.7,16.300000000000004,35.7,0.0,980.7,19,5,0,0.504,0.017528071999549866
2024-06-04 04:12:00,35.4168,-97.2586,OKLAHOMA,OKLAHOMA,1.0,1,21.6,20.7,95,16.5,28.4,11.899999999999999,28.4,0.0,960.8,100,6,4,0.03,0.03548576682806015
2024-05-01 03:36:00,35.97,-98.35,BLAINE,OKLAHOMA,1.0,1,19.2,18.2,94,15.5,25.9,10.399999999999999,25.9,0.0,963.0,58,5,3,0.029,0.013658949173986912
2024-05-02 21:08:00,36.0807,-95.818,TULSA,OKLAHOMA,0.75,1,19.8,17.9,89,9.1,13.4,4.300000000000001,13.4,3.4,983.2,100,5,21,0.045,0.013658949173986912
2024-03-14 18:00:00,34.9432,-96.0042,PITTSBURG,OKLAHOMA,0.75,1,21.1,16.4,74,1.8,2.6,0.8,2.6,0.0,982.2,34,3,18,0.189,0.013658949173986912
2024-05-28 08:15:00,36.5415,-99.5353,WOODWARD,OKLAHOMA,1.0,1,20.1,14.2,69,15.9,26.9,10.999999999999998,26.9,0.0,947.9,99,5,8,0.251,0.0060960943810641766
2024-03-14 10:47:00,34.1666,-97.9091,JEFFERSON,OKLAHOMA,1.0,1,19.8,16.9,83,10.9,17.6,6.700000000000001,17.6,4.2,975.0,100,3,10,0.142,0.013658949173986912
2024-09-24 17:02:00,35.61,-97.5859,OKLAHOMA,OKLAHOMA,1.0,1,29.2,17.5,49,17.6,23.7,6.099999999999998,23.7,0.0,970.0,100,9,17,0.406,0.012003092095255852
2024-03-14 17:00:00,35.2425,-94.62,LE FLORE,OKLAHOMA,2.5,1,19.4,18.2,93,5.3,17.3,12.0,17.3,1.4,991.2,100,3,17,0.036,0.040785372257232666
2024-03-14 17:01:00,35.2245,-94.6136,LE FLORE,OKLAHOMA,1.0,1,19.4,18.2,93,5.3,17.3,12.0,17.3,1.4,989.0,100,3,17,0.036,0.040785372257232666
2024-05-22 06:45:00,34.6878,-98.4041,COMANCHE,OKLAHOMA,1.0,1,19.8,15.3,76,16.0,28.0,12.0,28.0,0.0,966.9,100,5,6,0.199,0.040785372257232666
2024-05-25 18:28:00,36.2604,-97.8905,GARFIELD,OKLAHOMA,0.75,1,31.7,18.0,44,17.5,26.4,8.899999999999999,26.4,0.0,959.5,100,5,18,0.446,0.012774139642715454
2024-05-02 00:43:00,34.1608,-97.1577,CARTER,OKLAHOMA,0.75,1,22.4,19.0,81,13.2,25.6,12.400000000000002,25.6,0.0,977.0,100,5,0,0.15,0.040785372257232666
2024-06-25 21:55:00,35.6575,-97.578,OKLAHOMA,OKLAHOMA,1.0,1,28.7,22.5,69,18.1,33.2,15.100000000000001,33.2,0.0,970.3,10,6,21,0.272,0.06043671816587448
2024-05-09 13:40:00,35.1955,-97.4059,CLEVELAND,OKLAHOMA,0.75,1,23.9,7.7,35,14.0,19.1,5.100000000000001,19.1,0.0,972.0,46,5,13,0.496,0.004769870080053806
2024-03-14 16:48:00,34.79,-96.68,PONTOTOC,OKLAHOMA,1.25,1,20.9,15.9,73,5.8,8.3,2.500000000000001,8.3,0.0,973.1,71,3,16,0.2,0.013658949173986912
2024-03-07 18:24:00,34.8723,-99.5122,GREER,OKLAHOMA,1.25,1,20.5,9.2,48,26.8,37.0,10.2,37.0,0.0,946.6,47,3,18,0.435,0.004486005287617445
2024-05-22 06:08:00,35.4945,-97.7534,CANADIAN,OKLAHOMA,0.75,1,17.4,13.9,80,27.8,42.1,14.3,42.1,7.3,963.2,100,5,6,0.263,0.009736435487866402
2023-06-03 18:45:00,26.45,-98.86,STARR,TEXAS,1.5,1,33.5,17.8,39,17.7,22.7,5.0,22.7,0.0,994.5,90,6,18,0.455,0.014788164757192135
2023-04-22 17:44:00,30.98,-98.79,SAN SABA,TEXAS,1.0,1,25.1,11.4,42,21.9,29.1,7.200000000000003,29.1,0.0,953.0,100,4,17,0.477,0.0060960943810641766
2023-06-12 03:30:00,35.64,-101.6,HUTCHINSON,TEXAS,2.5,1,18.2,14.2,77,17.3,29.7,12.399999999999999,29.7,0.0,904.6,1,6,3,0.179,0.01848427765071392
2023-06-14 16:27:00,32.5,-96.89,ELLIS,TEXAS,1.0,1,28.1,23.2,75,12.8,16.1,3.3000000000000007,16.1,0.0,980.9,30,6,16,0.198,0.018397772684693336
2023-04-28 16:08:00,30.43,-97.77,WILLIAMSON,TEXAS,1.5,1,19.7,17.5,87,24.4,37.3,12.899999999999999,37.3,11.1,973.6,100,4,16,0.196,0.03212312236428261
2023-06-16 19:10:00,31.203,-97.1142,FALLS,TEXAS,1.75,1,34.0,25.5,62,12.5,17.3,4.800000000000001,17.3,0.0,987.4,38,6,19,0.319,0.04106353968381882
2023-04-22 14:40:00,31.74,-99.96,RUNNELS,TEXAS,3.0,1,27.5,11.9,38,14.1,16.8,2.700000000000001,16.8,0.0,953.3,100,4,14,0.43,0.013658949173986912
2023-05-25 02:05:00,33.18,-102.83,YOAKUM,TEXAS,1.0,1,19.1,14.4,74,16.3,29.4,13.099999999999998,29.4,0.0,890.1,2,5,2,0.209,0.014486945234239101
2023-04-02 14:00:00,33.31,-98.04,JACK,TEXAS,1.25,1,22.1,16.5,71,11.7,15.8,4.100000000000001,15.8,5.8,977.4,85,4,14,0.312,0.013658949173986912
2023-06-03 14:58:00,33.01,-94.37,CASS,TEXAS,0.75,1,35.0,16.6,34,4.7,6.1,1.3999999999999995,6.1,0.0,994.9,100,6,14,0.455,0.025279328227043152
2023-06-15 18:17:00,30.81,-98.37,BURNET,TEXAS,1.0,1,27.1,22.9,78,15.0,19.8,4.800000000000001,19.8,0.0,969.0,7,6,18,0.175,0.018312323838472366
2023-06-08 12:56:00,29.76,-98.44,COMAL,TEXAS,1.0,1,28.8,20.8,62,4.8,6.0,1.2000000000000002,6.0,0.3,969.7,29,6,12,0.303,0.012774139642715454
2023-06-11 19:39:00,33.09,-97.16,DENTON,TEXAS,3.5,1,25.9,23.6,88,3.9,14.8,10.9,14.8,0.0,983.0,84,6,19,0.099,0.018397772684693336
2023-04-25 17:32:00,32.62,-100.6,FISHER,TEXAS,1.0,1,24.1,10.8,43,18.1,23.2,5.099999999999998,23.2,0.0,932.0,54,4,17,0.424,0.004769870080053806
2023-04-20 22:05:00,29.87,-99.76,REAL,TEXAS,1.75,1,19.5,19.3,98,11.8,20.8,9.0,20.8,0.0,940.7,100,4,22,0.029,0.013658949173986912
2023-06-08 17:45:00,29.5218,-95.0769,GALVESTON,TEXAS,1.0,1,24.4,22.5,89,11.1,14.3,3.200000000000001,14.3,8.4,1009.5,100,6,17,0.109,0.014788164757192135
2023-06-26 07:35:00,33.38,-94.22,BOWIE,TEXAS,1.25,1,27.0,23.5,81,2.3,5.8,3.5,5.8,0.0,1000.9,45,6,7,0.145,0.018397772684693336
2023-03-02 03:49:00,29.81,-98.08,COMAL,TEXAS,1.0,1,20.5,20.0,97,13.7,22.7,9.0,22.7,0.0,975.9,100,3,3,0.029,0.012003092095255852
2023-04-02 19:55:00,32.8007,-94.5499,MARION,TEXAS,1.0,1,18.6,17.9,95,11.9,22.2,10.299999999999999,22.2,3.9,997.1,96,4,19,0.047,0.013658949173986912
2023-06-13 17:48:00,35.92,-101.46,HUTCHINSON,TEXAS,1.75,1,24.6,14.9,54,19.9,25.0,5.100000000000001,25.0,0.0,896.7,30,6,17,0.364,0.013658949173986912
2023-04-26 21:43:00,30.7,-97.92,WILLIAMSON,TEXAS,1.0,1,18.1,16.0,88,16.2,26.4,10.2,26.4,21.4,972.2,100,4,21,0.138,0.013658949173986912
2023-06-02 15:39:00,32.26,-102.78,ANDREWS,TEXAS,2.0,1,28.3,13.1,39,24.9,31.1,6.200000000000003,31.1,0.0,899.8,18,6,15,0.489,0.013658949173986912
2023-06-12 20:36:00,32.36,-97.9,HOOD,TEXAS,1.75,1,27.1,20.6,68,22.4,31.6,9.200000000000003,31.6,0.0,974.2,55,6,20,0.281,0.012774139642715454
2023-06-13 10:50:00,32.89,-94.85,UPSHUR,TEXAS,1.75,1,21.2,20.3,95,8.0,12.3,4.300000000000001,12.3,0.2,1000.5,100,6,10,0.03,0.012003092095255852
2023-03-16 18:31:00,32.53,-95.71,VAN ZANDT,TEXAS,1.0,1,18.5,17.6,95,17.3,26.4,9.099999999999998,26.4,0.3,986.8,100,3,18,0.03,0.013658949173986912
2023-05-06 15:37:00,31.84,-99.58,COLEMAN,TEXAS,1.25,1,30.0,14.9,40,18.4,23.4,5.0,23.4,0.0,947.1,100,5,15,0.448,0.013658949173986912
2023-03-24 00:42:00,33.71,-96.9,GRAYSON,TEXAS,1.0,1,21.4,18.2,82,19.8,35.1,15.3,35.1,0.0,981.8,100,3,0,0.152,0.04376458376646042
2023-05-19 16:36:00,32.03,-97.42,HILL,TEXAS,1.0,1,29.2,21.2,62,8.3,10.7,2.3999999999999986,10.7,0.0,990.9,76,5,16,0.3,0.014788164757192135
2023-09-19 17:33:00,34.2955,-99.7556,HARDEMAN,TEXAS,1.75,1,31.3,13.8,34,12.1,15.3,3.200000000000001,15.3,0.2,954.1,7,9,17,0.482,0.013658949173986912
2023-06-11 19:29:00,33.04,-96.98,DENTON,TEXAS,2.5,1,26.8,22.9,79,11.4,27.7,16.299999999999997,27.7,0.0,991.0,73,6,19,0.174,0.05357947200536728
2023-05-19 16:24:00,31.24,-99.14,MCCULLOCH,TEXAS,1.25,1,31.7,17.8,43,7.2,8.7,1.4999999999999991,8.7,0.0,958.6,67,5,16,0.425,0.012774139642715454
2023-06-11 19:54:00,33.09,-96.9,DENTON,TEXAS,1.25,1,25.7,22.6,83,14.1,33.4,19.299999999999997,33.4,0.0,989.6,67,6,19,0.146,0.07014887779951096
2023-05-28 16:49:00,36.08,-101.44,HANSFORD,TEXAS,2.0,1,26.1,13.9,47,14.9,18.3,3.4000000000000004,18.3,0.0,904.7,26,5,16,0.397,0.013658949173986912
2023-06-21 19:15:00,34.02,-100.82,MOTLEY,TEXAS,4.5,1,31.3,18.9,48,19.8,26.4,6.599999999999998,26.4,0.1,927.8,64,6,19,0.43,0.012774139642715454
2023-03-08 16:20:00,33.2,-98.76,YOUNG,TEXAS,0.75,1,12.9,5.7,61,11.3,13.8,2.5,13.8,0.0,978.4,100,3,16,0.266,0.003378035966306925
2023-06-12 21:05:00,32.48,-97.49,JOHNSON,TEXAS,1.75,1,25.8,21.0,75,14.8,24.5,9.7,24.5,0.0,977.0,37,6,21,0.204,0.012774139642715454
2023-06-12 19:40:00,30.91,-99.25,MASON,TEXAS,1.75,1,31.5,21.6,56,16.1,21.0,4.899999999999999,21.0,0.0,949.9,5,6,19,0.363,0.018312323838472366
2023-06-03 19:12:00,35.25,-101.65,POTTER,TEXAS,1.25,1,21.0,14.9,68,9.1,12.2,3.0999999999999996,12.2,1.7,892.8,99,6,19,0.253,0.012217146344482899
2023-05-05 19:56:00,30.59,-98.5,LLANO,TEXAS,1.0,1,31.4,18.4,46,7.6,11.2,3.5999999999999996,11.2,0.0,974.2,4,5,19,0.409,0.012774139642715454
2023-09-24 20:21:00,30.53,-97.68,WILLIAMSON,TEXAS,4.0,1,31.1,18.8,48,18.7,32.4,13.7,32.4,0.0,983.3,99,9,20,0.452,0.02618313767015934
2024-04-09 16:11:00,30.36,-97.67,TRAVIS,TEXAS,1.5,1,26.5,19.2,64,5.7,7.1,1.3999999999999995,7.1,0.0,978.2,91,4,16,0.277,0.012003092095255852
2024-05-22 13:08:00,33.02,-97.09,DENTON,TEXAS,1.0,1,22.0,20.2,90,5.6,6.2,0.6000000000000005,6.2,15.0,988.3,100,5,13,0.128,0.012003092095255852
2024-04-08 21:40:00,33.66,-97.04,COOKE,TEXAS,1.5,1,21.1,15.9,72,14.5,28.5,14.0,28.5,0.0,977.4,79,4,21,0.226,0.027356797829270363
2024-05-13 17:02:00,27.44,-98.26,DUVAL,TEXAS,1.0,1,30.4,23.4,66,6.3,7.3,1.0,7.3,0.0,995.7,37,5,17,0.269,0.019680282101035118
2024-05-24 16:07:00,32.76,-96.47,KAUFMAN,TEXAS,1.25,1,27.6,24.5,83,16.7,22.7,6.0,22.7,9.4,989.4,89,5,16,0.225,0.020640430971980095
2024-03-27 14:15:00,30.28,-98.06,TRAVIS,TEXAS,1.0,1,17.4,8.9,58,10.4,13.9,3.5,13.9,0.0,975.3,72,3,14,0.309,0.0044272281229496
2024-06-02 17:30:00,35.1,-101.87,RANDALL,TEXAS,1.25,1,31.0,10.6,29,13.0,15.5,2.5,15.5,0.0,887.6,42,6,17,0.601,0.013658949173986912
2024-05-30 16:17:00,31.97,-102.25,MIDLAND,TEXAS,3.0,1,33.2,10.1,24,26.8,33.0,6.199999999999999,33.0,0.0,912.0,5,5,16,0.935,0.013658949173986912
2024-05-02 17:30:00,31.54,-99.7,CONCHO,TEXAS,4.0,1,32.1,17.0,40,0.5,0.5,0.0,0.5,0.0,950.6,1,5,17,0.427,0.012774139642715454
2024-05-13 13:30:00,28.83,-96.98,VICTORIA,TEXAS,1.75,1,28.8,23.6,74,5.7,6.8,1.0999999999999996,6.8,0.0,1002.0,66,5,13,0.209,0.019680282101035118
2024-04-27 16:34:00,33.4164,-99.8175,KNOX,TEXAS,1.25,1,26.6,18.6,62,24.3,31.2,6.899999999999999,31.2,0.0,950.4,60,4,16,0.332,0.012003092095255852
2024-04-25 22:07:00,33.02,-102.03,LYNN,TEXAS,1.25,1,23.4,12.9,52,29.8,47.4,17.599999999999998,47.4,0.0,899.6,82,4,22,0.447,0.017528071999549866
2024-05-22 15:54:00,31.42,-100.52,TOM GREEN,TEXAS,2.0,1,23.6,20.6,84,9.9,12.8,2.9000000000000004,12.8,0.1,942.0,21,5,15,0.126,0.012774139642715454
2024-05-09 20:32:00,30.97,-94.43,TYLER,TEXAS,2.0,1,27.5,24.2,82,3.7,12.4,8.7,12.4,0.3,998.3,100,5,20,0.139,0.020640430971980095
2024-05-22 13:43:00,33.09,-96.78,COLLIN,TEXAS,0.75,1,21.2,20.3,95,14.1,18.9,4.799999999999999,18.9,18.7,985.5,100,5,13,0.141,0.012003092095255852
2024-06-02 16:13:00,33.12,-96.92,DENTON,TEXAS,1.0,1,28.9,22.5,68,21.9,29.0,7.100000000000001,29.0,0.1,991.8,100,6,16,0.274,0.018312323838472366
2024-03-24 18:36:00,33.97,-98.03,CLAY,TEXAS,1.75,1,18.6,14.4,77,19.2,29.8,10.600000000000001,29.8,1.8,962.3,69,3,18,0.2,0.0060960943810641766
2024-05-16 19:50:00,30.75,-99.24,MASON,TEXAS,2.0,1,21.4,15.9,71,14.4,18.4,3.9999999999999982,18.4,0.0,950.6,13,5,19,0.219,0.013658949173986912
2024-05-22 19:05:00,33.15,-95.49,HOPKINS,TEXAS,3.0,1,24.0,22.0,89,8.7,13.0,4.300000000000001,13.0,0.0,994.5,99,5,19,0.029,0.014788164757192135
2024-06-02 18:55:00,31.5388,-94.427,NACOGDOCHES,TEXAS,1.0,1,26.0,23.0,84,11.8,17.1,5.300000000000001,17.1,0.0,996.7,100,6,18,0.127,0.018312323838472366
2024-04-09 20:30:00,29.84,-98.46,COMAL,TEXAS,1.5,1,20.6,17.9,84,10.8,18.8,8.0,18.8,0.0,960.1,34,4,20,0.115,0.013658949173986912
2024-05-30 14:10:00,32.41,-96.85,ELLIS,TEXAS,1.25,1,25.4,21.4,79,14.6,18.4,3.799999999999999,18.4,0.0,991.1,81,5,14,0.165,0.012774139642715454
2024-05-05 18:25:00,32.54,-94.35,HARRISON,TEXAS,1.0,1,24.0,20.5,81,9.2,13.5,4.300000000000001,13.5,0.0,999.4,35,5,18,0.145,0.012003092095255852
2024-03-14 18:21:00,33.28,-96.74,COLLIN,TEXAS,1.75,1,20.5,18.1,87,15.9,22.0,6.1,22.0,6.4,981.1,100,3,18,0.174,0.013658949173986912
2024-03-24 17:55:00,33.95,-98.35,CLAY,TEXAS,1.0,1,21.0,12.7,59,37.1,51.5,14.399999999999999,51.5,0.0,961.8,98,3,17,0.395,0.009736435487866402
2024-04-06 16:40:00,33.8563,-98.4795,WICHITA,TEXAS,0.75,1,30.1,9.9,28,28.7,37.7,9.000000000000004,37.7,0.0,969.7,16,4,16,0.931,0.013658949173986912
2024-05-16 19:02:00,30.94,-99.78,MENARD,TEXAS,1.5,1,22.9,17.3,71,14.5,19.2,4.699999999999999,19.2,0.0,936.6,16,5,19,0.224,0.013658949173986912
2024-04-08 17:50:00,32.09,-96.71,NAVARRO,TEXAS,0.75,1,27.8,17.7,54,21.7,28.5,6.800000000000001,28.5,0.0,987.3,99,4,17,0.393,0.013658949173986912
2024-05-01 18:15:00,36.28,-101.05,OCHILTREE,TEXAS,1.75,1,23.7,14.5,56,32.3,44.9,12.600000000000001,44.9,0.0,900.7,0,5,18,0.407,0.03354853391647339
2024-05-13 08:34:00,29.18,-99.14,MEDINA,TEXAS,1.0,1,21.0,19.7,92,10.6,13.8,3.200000000000001,13.8,0.0,980.9,89,5,8,0.029,0.012003092095255852
2024-05-22 15:25:00,31.56,-98.66,MILLS,TEXAS,1.5,1,21.4,19.6,90,20.3,30.7,10.399999999999999,30.7,5.4,958.7,100,5,15,0.106,0.012003092095255852
2024-03-21 17:33:00,29.91,-95.53,HARRIS,TEXAS,0.88,1,21.1,17.1,78,28.2,39.2,11.000000000000004,39.2,0.0,1004.5,100,3,17,0.191,0.013658949173986912
2024-04-30 17:25:00,32.36,-101.02,MITCHELL,TEXAS,1.5,1,31.8,10.9,28,20.7,26.4,5.699999999999999,26.4,0.0,933.7,40,4,17,0.783,0.013658949173986912
2024-05-22 13:08:00,33.03,-97.07,DENTON,TEXAS,1.0,1,22.0,20.2,90,5.6,6.2,0.6000000000000005,6.2,15.0,988.4,100,5,13,0.128,0.012003092095255852
2024-04-28 18:06:00,30.91,-95.99,MADISON,TEXAS,1.75,1,24.5,21.5,83,22.3,31.3,9.0,31.3,0.2,997.0,100,4,18,0.141,0.012774139642715454
2024-05-28 20:32:00,29.74,-99.17,BANDERA,TEXAS,2.5,1,22.5,21.3,93,2.9,1.9,1.0,2.9,15.5,969.9,100,5,20,0.133,0.012774139642715454
2024-05-28 05:02:00,33.17,-96.57,COLLIN,TEXAS,2.75,1,23.2,17.1,69,12.3,27.2,14.899999999999999,27.2,0.0,997.2,1,5,5,0.259,0.04376458376646042
2024-05-13 17:12:00,27.42,-98.18,JIM WELLS,TEXAS,1.75,1,29.6,23.5,69,10.3,12.1,1.799999999999999,12.1,0.0,997.9,27,5,17,0.239,0.019680282101035118
2024-05-22 12:20:00,32.03,-100.29,COKE,TEXAS,2.75,1,21.4,18.7,85,14.8,21.0,6.199999999999999,21.0,10.8,941.4,100,5,12,0.205,0.013658949173986912
2024-05-09 16:15:00,31.12,-99.33,MCCULLOCH,TEXAS,1.75,1,30.9,20.5,54,4.2,5.2,1.0,5.2,0.0,948.5,19,5,16,0.365,0.014788164757192135
2023-09-19 17:45:00,38.6404,-101.7524,GREELEY,KANSAS,0.75,1,25.5,8.2,33,13.9,17.0,3.0999999999999996,17.0,0.0,888.1,90,9,17,0.47,0.004769870080053806
2023-10-03 14:52:00,39.6185,-100.4427,DECATUR,KANSAS,0.88,1,22.9,14.9,61,36.8,48.3,11.5,48.3,2.3,914.6,96,10,14,0.398,0.0537942536175251
2023-07-17 10:24:00,37.32,-96.74,COWLEY,KANSAS,1.0,1,28.0,23.2,76,14.0,18.9,4.899999999999999,18.9,0.0,966.0,17,7,10,0.196,0.018397772684693336
2023-08-07 18:24:00,39.13,-100.92,LOGAN,KANSAS,1.0,1,22.2,17.6,75,20.9,27.9,7.0,27.9,9.2,911.4,100,8,18,0.313,0.013658949173986912
2023-05-12 18:43:00,37.71,-96.22,GREENWOOD,KANSAS,1.0,1,28.6,14.4,42,26.5,37.5,11.0,37.5,0.0,974.7,100,5,18,0.515,0.013658949173986912
2023-05-30 15:14:00,39.22,-96.2,POTTAWATOMIE,KANSAS,1.25,1,31.6,13.8,34,7.2,8.6,1.3999999999999995,8.6,0.0,977.2,90,5,15,0.479,0.013658949173986912
2023-07-16 14:25:00,39.66,-98.94,SMITH,KANSAS,1.75,1,30.8,20.5,54,8.4,10.7,2.299999999999999,10.7,0.0,958.0,6,7,14,0.362,0.014788164757192135
2023-07-16 18:30:00,37.95,-98.99,STAFFORD,KANSAS,1.5,1,30.5,21.1,57,12.8,17.1,4.300000000000001,17.1,0.0,943.8,90,7,18,0.342,0.025279328227043152
2023-05-09 13:50:00,39.11,-96.39,WABAUNSEE,KANSAS,1.0,1,27.4,15.5,48,16.9,22.1,5.200000000000003,22.1,0.0,973.7,100,5,13,0.407,0.013658949173986912
2023-10-03 13:24:00,38.9301,-101.4052,LOGAN,KANSAS,0.75,1,25.9,13.1,45,25.8,33.8,7.9999999999999964,33.8,0.1,904.5,13,10,13,0.46,0.013658949173986912
2023-06-30 14:15:00,39.524,-101.9314,SHERMAN,KANSAS,1.75,1,24.4,13.8,51,12.8,15.9,3.0999999999999996,15.9,0.1,890.4,43,6,14,0.366,0.013658949173986912
2023-09-21 14:39:00,39.46,-97.97,MITCHELL,KANSAS,0.75,1,27.7,18.4,57,23.0,31.6,8.600000000000001,31.6,0.0,964.7,14,9,14,0.378,0.012003092095255852
2023-08-07 20:15:00,38.4798,-101.3597,WICHITA,KANSAS,0.75,1,22.2,18.0,77,30.6,45.3,14.699999999999996,45.3,0.0,903.9,89,8,20,0.208,0.027356797829270363
2023-10-03 17:03:00,37.94,-99.25,EDWARDS,KANSAS,2.75,1,27.9,15.6,47,29.6,41.0,11.399999999999999,41.0,0.0,935.2,37,10,17,0.477,0.0537942536175251
2023-10-03 16:40:00,37.7,-99.41,KIOWA,KANSAS,1.5,1,26.8,15.7,51,21.4,30.2,8.8,30.2,0.3,932.2,84,10,16,0.42,0.013658949173986912
2023-04-05 02:13:00,37.38,-94.71,CRAWFORD,KANSAS,1.0,1,21.6,17.0,75,27.6,47.4,19.799999999999997,47.4,0.0,967.8,100,4,2,0.229,0.034865912050008774
2023-07-22 15:54:00,39.12,-97.13,DICKINSON,KANSAS,1.0,1,31.8,14.9,36,10.5,13.8,3.3000000000000007,13.8,0.0,971.5,50,7,15,0.503,0.012003092095255852
2023-05-09 18:26:00,37.94,-99.26,EDWARDS,KANSAS,1.5,1,21.6,16.6,73,17.2,24.6,7.400000000000002,24.6,3.4,938.6,100,5,18,0.238,0.013658949173986912
2023-06-30 20:03:00,39.22,-95.31,JEFFERSON,KANSAS,1.0,1,25.3,23.2,88,15.0,27.1,12.100000000000001,27.1,0.7,971.3,19,6,20,0.039,0.05592368170619011
2023-05-28 17:49:00,38.88,-99.32,ELLIS,KANSAS,0.88,1,18.6,15.9,85,15.1,23.1,8.000000000000002,23.1,0.5,942.0,99,5,17,0.121,0.013658949173986912
2023-05-09 18:44:00,38.25,-99.13,PAWNEE,KANSAS,1.5,1,23.0,17.1,69,22.2,29.5,7.300000000000001,29.5,0.2,942.4,100,5,18,0.257,0.013658949173986912
2023-05-09 11:35:00,39.39,-97.89,CLOUD,KANSAS,1.0,1,21.4,15.4,69,7.9,12.5,4.6,12.5,0.0,967.4,100,5,11,0.234,0.013658949173986912
2023-05-09 18:51:00,38.38,-99.9,NESS,KANSAS,0.75,1,23.9,16.2,62,20.9,30.2,9.3,30.2,0.0,931.9,78,5,18,0.32,0.013658949173986912
2023-07-22 16:44:00,39.68,-96.66,MARSHALL,KANSAS,1.75,1,30.6,15.4,40,11.8,15.4,3.5999999999999996,15.4,0.0,973.3,66,7,16,0.432,0.012003092095255852
2023-04-19 17:34:00,39.06,-96.87,GEARY,KANSAS,1.75,1,27.2,9.4,33,29.4,42.4,13.0,42.4,0.0,962.8,99,4,17,0.744,0.014486945234239101
2023-10-03 13:35:00,38.976,-101.3095,LOGAN,KANSAS,1.25,1,25.6,13.3,46,23.6,30.8,7.199999999999999,30.8,0.1,906.0,27,10,13,0.444,0.013658949173986912
2023-08-07 16:47:00,39.3602,-101.7259,SHERMAN,KANSAS,0.75,1,26.7,15.6,51,22.0,29.1,7.100000000000001,29.1,2.0,892.9,99,8,16,0.444,0.013658949173986912
2023-08-11 22:36:00,37.1,-97.05,COWLEY,KANSAS,1.0,1,27.0,22.5,76,14.8,29.1,14.3,29.1,0.0,968.3,80,8,22,0.201,0.05476241186261177
2023-07-22 16:48:00,39.68,-96.66,MARSHALL,KANSAS,1.5,1,30.6,15.4,40,11.8,15.4,3.5999999999999996,15.4,0.0,973.3,66,7,16,0.432,0.012003092095255852
2023-09-10 15:52:00,37.98,-101.14,KEARNY,KANSAS,2.5,1,31.4,10.9,28,16.0,20.9,4.899999999999999,20.9,0.0,916.4,61,9,15,0.613,0.013658949173986912
2023-05-09 06:30:00,39.86,-100.97,RAWLINS,KANSAS,1.0,1,13.9,5.9,59,5.7,14.5,8.8,14.5,0.0,916.5,84,5,6,0.293,0.003378035966306925
2023-05-24 19:22:00,37.03,-101.12,STEVENS,KANSAS,1.0,1,21.5,14.8,66,20.2,28.9,8.7,28.9,0.0,912.3,100,5,19,0.283,0.012217146344482899
2023-04-19 17:34:00,37.38,-96.41,ELK,KANSAS,0.88,1,26.1,13.6,46,28.4,40.6,12.200000000000003,40.6,0.0,961.6,100,4,17,0.479,0.040785372257232666
2023-09-05 18:13:00,37.51,-94.84,CRAWFORD,KANSAS,1.0,1,32.5,20.8,50,20.9,32.5,11.600000000000001,32.5,0.0,974.8,28,9,18,0.437,0.05592368170619011
2023-09-23 09:42:00,38.9791,-94.8786,JOHNSON,KANSAS,1.75,1,21.9,19.1,84,10.7,17.1,6.400000000000002,17.1,0.0,977.6,96,9,9,0.118,0.013658949173986912
2023-06-09 20:38:00,37.58,-101.36,GRANT,KANSAS,0.75,1,20.5,15.9,75,15.2,25.6,10.400000000000002,25.6,1.4,906.7,100,6,20,0.208,0.013658949173986912
2023-07-22 15:37:00,39.63,-99.86,NORTON,KANSAS,1.0,1,31.0,16.9,43,9.7,12.3,2.6000000000000014,12.3,0.0,939.4,76,7,15,0.426,0.012003092095255852
2023-07-16 08:09:00,39.66,-96.03,NEMAHA,KANSAS,1.0,1,20.8,18.5,86,11.3,22.2,10.899999999999999,22.2,10.5,969.7,100,7,8,0.184,0.013658949173986912
2023-09-16 16:35:00,38.83,-94.74,JOHNSON,KANSAS,1.0,1,24.9,15.1,55,9.5,12.4,2.9000000000000004,12.4,0.0,981.9,23,9,16,0.348,0.013658949173986912
2023-07-17 17:04:00,37.55,-99.63,FORD,KANSAS,2.0,1,33.9,22.9,53,17.7,23.1,5.400000000000002,23.1,0.0,931.1,0,7,17,0.394,0.02199559472501278
2024-05-06 12:09:00,39.81,-99.61,PHILLIPS,KANSAS,1.0,1,18.5,15.6,83,27.9,40.2,12.300000000000004,40.2,2.2,919.8,100,5,12,0.156,0.040785372257232666
2024-05-06 19:27:00,39.09,-97.02,DICKINSON,KANSAS,3.0,1,17.9,16.1,90,23.8,40.1,16.3,40.1,0.5,952.9,100,5,19,0.117,0.03872102499008179
2024-06-07 17:15:00,39.6245,-100.4218,DECATUR,KANSAS,2.5,1,32.7,16.9,39,17.4,23.4,6.0,23.4,0.0,914.3,46,6,17,0.457,0.012774139642715454
2024-05-25 18:57:00,39.5,-98.31,MITCHELL,KANSAS,0.88,1,28.0,15.3,46,21.7,30.8,9.100000000000001,30.8,0.0,949.3,63,5,18,0.452,0.013658949173986912
2024-04-26 17:12:00,38.01,-94.72,BOURBON,KANSAS,1.25,1,19.7,17.3,86,23.5,36.8,13.299999999999997,36.8,1.3,972.5,97,4,17,0.124,0.03212312236428261
2024-06-18 14:42:00,38.94,-99.65,TREGO,KANSAS,1.5,1,31.5,20.2,51,27.4,37.6,10.200000000000003,37.6,0.6,929.2,66,6,14,0.454,0.014788164757192135
2024-03-13 20:58:00,39.37,-95.42,JEFFERSON,KANSAS,1.0,1,15.2,13.3,88,17.6,29.5,11.899999999999999,29.5,2.9,966.7,100,3,20,0.05,0.014502312056720257
2024-04-27 19:00:00,39.3509,-100.2613,SHERIDAN,KANSAS,1.75,1,16.1,12.6,80,19.7,28.5,8.8,28.5,2.9,918.5,100,4,19,0.175,0.004769870080053806
2024-06-02 18:12:00,39.9866,-101.5337,CHEYENNE,KANSAS,3.0,1,27.1,15.0,47,3.7,2.5,1.2000000000000002,3.7,0.0,902.1,98,6,18,0.394,0.013658949173986912
2024-05-19 13:25:00,38.95,-99.6,TREGO,KANSAS,1.75,1,26.9,16.3,52,24.8,32.8,7.9999999999999964,32.8,0.0,935.0,99,5,13,0.412,0.013658949173986912
2024-07-06 13:30:00,39.8217,-100.5251,DECATUR,KANSAS,0.75,1,29.2,16.0,45,24.9,33.2,8.300000000000004,33.2,0.2,925.3,8,7,13,0.469,0.013658949173986912
2024-06-18 18:20:00,37.75,-99.99,FORD,KANSAS,1.0,1,32.5,17.1,40,33.2,45.8,12.599999999999994,45.8,0.0,921.3,6,6,18,0.61,0.02735241875052452
2024-06-15 20:30:00,37.84,-99.71,FORD,KANSAS,1.0,1,28.7,15.8,46,32.5,50.0,17.5,50.0,0.0,923.4,41,6,20,0.536,0.03872102499008179
2024-03-24 14:57:00,37.75,-100.94,FINNEY,KANSAS,1.0,1,19.8,4.4,36,33.5,45.8,12.299999999999997,45.8,0.7,890.6,53,3,14,0.641,0.006775091402232647
2024-06-18 16:10:00,39.6094,-99.6369,NORTON,KANSAS,1.25,1,26.9,18.1,59,26.7,35.7,9.000000000000004,35.7,0.0,933.2,100,6,16,0.376,0.013658949173986912
2024-04-25 17:40:00,39.3663,-101.7004,SHERMAN,KANSAS,0.75,1,22.2,15.3,65,33.2,45.6,12.399999999999999,45.6,0.0,878.2,48,4,17,0.321,0.040785372257232666
2024-07-06 14:17:00,39.7633,-100.2178,DECATUR,KANSAS,0.75,1,27.2,17.6,56,17.3,22.9,5.599999999999998,22.9,0.5,926.7,82,7,14,0.365,0.013658949173986912
2024-07-07 01:00:00,37.98,-100.86,FINNEY,KANSAS,1.0,1,20.9,15.8,73,28.5,47.1,18.6,47.1,0.0,916.5,39,7,1,0.25,0.03872102499008179
2024-08-16 18:31:00,37.25,-96.8527,COWLEY,KANSAS,2.75,1,30.1,23.8,69,12.0,17.8,5.800000000000001,17.8,1.0,966.6,72,8,18,0.256,0.020640430971980095
2024-05-06 15:44:00,38.52,-98.54,BARTON,KANSAS,2.5,1,23.5,18.5,73,28.2,40.2,12.000000000000004,40.2,1.1,936.8,95,5,15,0.247,0.040785372257232666
2024-06-13 17:50:00,38.97,-98.15,LINCOLN,KANSAS,1.75,1,35.5,19.1,38,5.2,6.8,1.5999999999999996,6.8,0.3,960.2,12,6,17,0.511,0.019680282101035118
2024-06-07 17:45:00,39.3645,-100.4708,SHERIDAN,KANSAS,1.75,1,31.7,14.9,36,23.9,33.8,9.899999999999999,33.8,0.0,913.0,100,6,17,0.676,0.012003092095255852
2024-03-13 18:22:00,38.8,-100.05,TREGO,KANSAS,1.0,1,13.9,9.9,77,12.0,18.9,6.899999999999999,18.9,1.2,922.7,95,3,18,0.171,0.0044272281229496
2024-06-18 16:45:00,37.48,-100.85,HASKELL,KANSAS,1.0,1,35.4,11.4,23,32.7,44.5,11.799999999999997,44.5,0.0,906.6,55,6,16,0.973,0.03548576682806015
2024-05-15 20:40:00,37.49,-96.97,BUTLER,KANSAS,1.0,1,19.2,16.8,86,13.2,22.1,8.900000000000002,22.1,0.7,964.1,100,5,20,0.109,0.013658949173986912
2024-06-18 17:20:00,37.54,-100.63,GRAY,KANSAS,1.0,1,33.5,16.6,36,32.4,44.6,12.200000000000003,44.6,0.0,909.8,5,6,17,0.808,0.03548576682806015
2024-05-25 22:34:00,38.66,-96.49,MORRIS,KANSAS,1.5,1,20.4,18.3,88,19.7,34.0,14.3,34.0,12.9,958.7,32,5,22,0.137,0.027356797829270363
2024-06-07 17:30:00,39.5414,-100.5662,SHERIDAN,KANSAS,1.75,1,32.5,15.2,35,23.8,31.8,8.0,31.8,0.0,911.1,73,6,17,0.643,0.012003092095255852
2024-05-06 20:06:00,39.43,-96.65,POTTAWATOMIE,KANSAS,1.0,1,18.8,17.0,89,28.5,45.5,17.0,45.5,0.2,947.8,99,5,20,0.123,0.03872102499008179
2024-07-11 18:45:00,37.8,-96.91,BUTLER,KANSAS,1.25,1,32.5,16.8,39,15.3,20.6,5.300000000000001,20.6,0.0,965.7,89,7,18,0.447,0.012774139642715454
2024-05-19 15:15:00,38.2762,-101.2683,WICHITA,KANSAS,0.75,1,27.0,11.6,38,24.8,30.8,6.0,30.8,0.7,898.9,75,5,15,0.499,0.013658949173986912
2024-05-19 15:49:00,38.88,-98.17,LINCOLN,KANSAS,1.0,1,30.0,16.5,44,28.0,38.6,10.600000000000001,38.6,0.1,952.4,92,5,15,0.494,0.012003092095255852
2024-07-31 17:50:00,38.86,-100.17,GOVE,KANSAS,1.75,1,34.2,19.6,42,6.2,7.8,1.5999999999999996,7.8,1.2,928.8,97,7,17,0.452,0.018397772684693336
2024-05-19 16:40:00,38.91,-97.81,SALINE,KANSAS,1.75,1,30.0,15.2,41,24.4,35.2,10.800000000000004,35.2,0.0,958.4,100,5,16,0.488,0.013658949173986912
2024-03-13 20:01:00,39.11,-96.54,RILEY,KANSAS,2.0,1,14.2,12.9,92,16.9,29.5,12.600000000000001,29.5,0.0,956.2,21,3,20,0.03,0.011871341615915298
2024-05-28 11:15:00,39.0614,-100.7378,GOVE,KANSAS,1.75,1,21.2,10.9,51,19.1,25.2,6.099999999999998,25.2,0.0,920.8,49,5,11,0.375,0.004769870080053806
2024-06-13 18:24:00,39.19,-96.57,RILEY,KANSAS,1.75,1,33.8,21.1,48,16.6,23.2,6.599999999999998,23.2,0.0,972.9,95,6,18,0.425,0.019680282101035118
2024-03-13 20:17:00,39.19,-96.42,POTTAWATOMIE,KANSAS,1.0,1,14.6,13.4,92,16.1,28.5,12.399999999999999,28.5,0.6,964.9,12,3,20,0.036,0.014502312056720257
2024-06-13 18:28:00,39.19,-96.55,POTTAWATOMIE,KANSAS,1.25,1,33.8,21.1,48,16.6,23.2,6.599999999999998,23.2,0.0,973.7,95,6,18,0.425,0.019680282101035118
2024-03-24 16:33:00,39.3384,-100.5943,SHERIDAN,KANSAS,1.5,1,15.5,6.6,55,19.4,26.0,6.600000000000001,26.0,0.2,891.2,100,3,16,0.341,0.003378035966306925
2023-09-21 18:00:00,40.04,-100.4,RED WILLOW,NEBRASKA,1.0,1,24.2,16.2,61,21.8,30.4,8.599999999999998,30.4,0.0,925.3,3,9,18,0.33,0.013658949173986912
2023-07-04 17:27:00,41.03,-97.4,YORK,NEBRASKA,1.75,1,31.6,20.1,51,18.9,25.4,6.5,25.4,0.0,954.8,86,7,17,0.409,0.025279328227043152
2023-05-12 16:12:00,40.19,-96.01,PAWNEE,NEBRASKA,3.25,1,26.5,19.2,64,22.1,30.0,7.899999999999999,30.0,0.8,969.2,72,5,16,0.314,0.012003092095255852
2023-06-23 20:08:00,41.33,-101.97,KEITH,NEBRASKA,1.5,1,26.0,14.2,48,16.8,31.9,15.099999999999998,31.9,0.0,887.6,12,6,20,0.436,0.04376458376646042
2023-07-14 07:15:00,41.44,-100.69,LOGAN,NEBRASKA,1.5,1,16.9,16.4,97,33.8,52.0,18.200000000000003,52.0,0.0,909.6,23,7,7,0.132,0.03872102499008179
2023-07-17 06:49:00,41.51,-96.5,DODGE,NEBRASKA,1.75,1,17.4,16.1,92,8.4,17.4,8.999999999999998,17.4,4.0,970.5,16,7,6,0.047,0.013658949173986912
2023-06-09 14:20:00,40.28,-100.04,FURNAS,NEBRASKA,0.88,1,24.0,16.6,63,22.1,30.1,8.0,30.1,2.2,935.6,97,6,14,0.332,0.013658949173986912
2023-07-16 15:45:00,42.8969,-103.0378,DAWES,NEBRASKA,1.25,1,30.6,8.9,26,17.7,21.9,4.199999999999999,21.9,0.0,907.8,36,7,15,0.691,0.013658949173986912
2023-06-27 16:24:00,41.5502,-102.6891,MORRILL,NEBRASKA,2.0,1,27.8,15.6,47,16.6,21.6,5.0,21.6,0.8,885.8,27,6,16,0.42,0.013658949173986912
2023-04-14 20:01:00,40.6,-96.18,OTOE,NEBRASKA,1.75,1,21.0,12.6,59,24.3,42.5,18.2,42.5,0.0,960.8,100,4,20,0.375,0.011506267823278904
2023-07-11 22:02:00,41.41,-99.45,CUSTER,NEBRASKA,1.5,1,26.0,19.4,67,12.5,25.0,12.5,25.0,0.0,928.0,20,7,22,0.27,0.029553743079304695
2023-07-19 16:44:00,42.05,-103.92,SIOUX,NEBRASKA,1.0,1,28.9,14.4,41,12.7,15.3,2.6000000000000014,15.3,0.0,878.6,44,7,16,0.421,0.013658949173986912
2023-03-30 21:28:00,42.22,-98.5,HOLT,NEBRASKA,1.0,1,9.3,6.2,81,18.4,33.7,15.300000000000004,33.7,0.0,927.1,100,3,21,0.144,0.0060244956985116005
2023-07-28 16:15:00,41.44,-96.49,DODGE,NEBRASKA,1.75,1,36.0,25.1,53,3.6,4.3,0.6999999999999997,4.3,0.0,970.3,16,7,16,0.377,0.04106353968381882
2023-07-14 10:20:00,40.0386,-100.411,RED WILLOW,NEBRASKA,0.75,1,24.0,19.1,74,23.5,33.0,9.5,33.0,0.0,928.9,25,7,10,0.222,0.013658949173986912
2023-07-22 17:40:00,40.61,-98.05,CLAY,NEBRASKA,0.88,1,28.8,19.1,56,10.5,13.0,2.5,13.0,0.0,952.3,42,7,17,0.348,0.012774139642715454
2023-05-06 18:00:00,40.48,-99.13,KEARNEY,NEBRASKA,1.0,1,26.3,8.4,32,1.4,1.3,0.09999999999999987,1.4,0.0,931.6,24,5,18,0.442,0.004769870080053806
2023-06-27 16:43:00,41.41,-102.54,GARDEN,NEBRASKA,2.5,1,28.7,15.8,45,12.3,15.9,3.5999999999999996,15.9,0.6,888.9,82,6,16,0.416,0.013658949173986912
2023-07-13 14:30:00,42.77,-100.69,CHERRY,NEBRASKA,1.0,1,27.4,16.8,52,17.5,22.0,4.5,22.0,0.0,917.9,56,7,14,0.379,0.013658949173986912
2023-09-21 15:43:00,40.23,-100.84,HITCHCOCK,NEBRASKA,1.5,1,27.1,11.9,39,23.7,32.0,8.3,32.0,0.5,922.4,17,9,15,0.499,0.013658949173986912
2023-07-28 17:05:00,41.28,-96.18,DOUGLAS,NEBRASKA,2.5,1,35.7,25.0,54,6.0,7.5,1.5,7.5,0.0,968.3,33,7,17,0.373,0.04106353968381882
2023-07-30 14:32:00,41.31,-96.81,SAUNDERS,NEBRASKA,1.0,1,28.9,20.5,61,14.6,18.6,4.000000000000002,18.6,0.0,972.7,1,7,14,0.316,0.012774139642715454
2023-08-10 16:18:00,40.77,-99.16,BUFFALO,NEBRASKA,1.25,1,30.5,17.0,44,23.4,31.3,7.900000000000002,31.3,0.0,932.8,22,8,16,0.467,0.012003092095255852
2023-08-04 18:00:00,42.05,-100.21,BLAINE,NEBRASKA,1.25,1,28.4,16.2,48,8.8,10.4,1.5999999999999996,10.4,0.0,922.3,47,8,18,0.396,0.013658949173986912
2023-04-14 17:05:00,40.15,-97.72,THAYER,NEBRASKA,1.25,1,28.4,8.3,28,13.2,16.1,2.900000000000002,16.1,0.0,943.9,88,4,17,0.596,0.0060960943810641766
2023-07-22 15:49:00,40.54,-99.26,PHELPS,NEBRASKA,1.0,1,29.0,19.3,56,9.6,11.9,2.3000000000000007,11.9,0.0,939.0,31,7,15,0.348,0.012774139642715454
2023-06-29 00:41:00,40.18,-101.02,HITCHCOCK,NEBRASKA,1.5,1,23.2,18.6,75,15.6,29.9,14.299999999999999,29.9,0.0,916.0,0,6,0,0.205,0.027356797829270363
2023-05-09 05:04:00,40.0498,-101.5341,DUNDY,NEBRASKA,0.88,1,12.9,7.4,69,9.7,18.9,9.2,18.9,0.0,909.4,9,5,5,0.216,0.003378035966306925
2023-05-06 17:10:00,40.5,-99.87,GOSPER,NEBRASKA,0.88,1,26.3,5.3,26,10.0,12.6,2.5999999999999996,12.6,0.0,923.4,40,5,17,0.628,0.004769870080053806
2023-07-24 01:25:00,42.36,-97.6,PIERCE,NEBRASKA,2.0,1,23.5,16.9,66,19.2,34.8,15.599999999999998,34.8,0.0,955.8,27,7,1,0.289,0.04376458376646042
2023-05-27 17:06:00,41.19,-103.89,KIMBALL,NEBRASKA,1.0,1,21.3,9.4,47,24.4,32.0,7.600000000000001,32.0,0.0,844.5,46,5,17,0.435,0.004769870080053806
2023-07-28 16:59:00,41.31,-96.15,DOUGLAS,NEBRASKA,1.0,1,35.4,25.1,56,5.1,6.2,1.1000000000000005,6.2,0.0,970.2,1,7,16,0.365,0.04106353968381882
2023-09-21 19:25:00,40.04,-100.4,RED WILLOW,NEBRASKA,1.75,1,21.4,14.3,64,20.1,35.8,15.699999999999996,35.8,0.0,923.9,10,9,19,0.309,0.01986822485923767
2023-08-05 19:30:00,40.23,-100.83,HITCHCOCK,NEBRASKA,0.88,1,24.7,17.5,64,20.8,30.7,9.899999999999999,30.7,0.0,926.6,98,8,19,0.303,0.013658949173986912
2023-08-10 18:30:00,40.44,-98.4,ADAMS,NEBRASKA,1.75,1,29.8,19.1,53,18.2,28.2,10.0,28.2,0.0,942.6,97,8,18,0.406,0.012774139642715454
2023-07-08 15:30:00,41.2445,-103.66,KIMBALL,NEBRASKA,1.0,1,18.5,12.6,69,14.7,19.3,4.600000000000001,19.3,1.2,860.3,99,7,15,0.244,0.004769870080053806
2023-05-05 19:10:00,40.47,-99.69,GOSPER,NEBRASKA,1.75,1,24.6,10.9,42,19.1,27.9,8.799999999999997,27.9,0.1,920.3,90,5,19,0.474,0.004769870080053806
2023-07-16 15:58:00,42.8079,-102.9271,DAWES,NEBRASKA,1.0,1,28.2,11.0,34,11.2,15.3,4.100000000000001,15.3,0.0,900.1,24,7,15,0.468,0.013658949173986912
2023-05-07 03:14:00,41.77,-98.81,GARFIELD,NEBRASKA,1.0,1,12.4,9.8,84,10.1,18.9,8.799999999999999,18.9,0.0,933.5,98,5,3,0.11,0.0044272281229496
2023-10-02 17:33:00,42.9,-102.75,SHERIDAN,NEBRASKA,1.0,1,27.1,12.6,41,12.4,16.8,4.4,16.8,0.0,896.5,64,10,17,0.42,0.013658949173986912
2024-07-06 14:10:00,40.56,-98.8,KEARNEY,NEBRASKA,1.5,1,26.3,17.2,57,10.2,13.6,3.4000000000000004,13.6,0.0,941.2,65,7,14,0.331,0.013658949173986912
2024-07-29 18:28:00,42.98,-100.28,CHERRY,NEBRASKA,0.88,1,31.9,15.0,36,16.6,22.2,5.599999999999998,22.2,0.0,924.0,22,7,18,0.52,0.012003092095255852
2024-07-06 15:20:00,40.32,-98.9,FRANKLIN,NEBRASKA,0.75,1,26.5,16.0,53,15.7,21.8,6.100000000000001,21.8,0.0,937.8,94,7,15,0.376,0.013658949173986912
2024-08-26 15:40:00,40.0075,-101.0594,HITCHCOCK,NEBRASKA,0.75,1,33.3,14.7,33,1.9,2.9,1.0,2.9,0.0,918.5,6,8,15,0.464,0.012774139642715454
2024-05-21 01:39:00,40.66,-100.03,FRONTIER,NEBRASKA,1.0,1,15.1,14.0,93,26.1,42.3,16.199999999999996,42.3,0.1,913.0,100,5,1,0.113,0.011506267823278904
2024-08-06 16:31:00,41.5853,-103.8734,BANNER,NEBRASKA,1.2,1,33.5,12.1,27,19.2,23.3,4.100000000000001,23.3,0.0,865.5,33,8,16,0.64,0.012003092095255852
2024-06-25 21:20:00,41.68,-97.5,PLATTE,NEBRASKA,1.0,1,22.1,21.1,94,10.5,21.1,10.600000000000001,21.1,0.1,949.9,100,6,21,0.029,0.012774139642715454
2024-04-26 16:02:00,40.33,-95.67,NEMAHA,NEBRASKA,2.75,1,26.3,12.6,43,39.0,54.8,15.799999999999997,54.8,0.1,963.9,16,4,16,0.649,0.03872102499008179
2024-07-31 14:38:00,40.25,-99.9,FURNAS,NEBRASKA,1.0,1,32.7,17.7,41,10.1,12.1,2.0,12.1,0.0,936.6,95,7,14,0.427,0.012774139642715454
2024-05-14 19:05:00,42.66,-99.63,ROCK,NEBRASKA,1.75,1,21.9,10.2,47,16.1,25.0,8.899999999999999,25.0,0.0,928.2,99,5,19,0.406,0.004769870080053806
2024-07-29 02:36:00,42.76,-98.45,HOLT,NEBRASKA,1.0,1,21.3,19.8,91,7.6,17.6,10.000000000000002,17.6,0.0,955.2,0,7,2,0.029,0.012003092095255852
2024-06-20 14:55:00,41.83,-103.67,SCOTTS BLUFF,NEBRASKA,1.25,1,30.0,15.1,40,19.5,24.5,5.0,24.5,0.0,885.4,59,6,14,0.448,0.013658949173986912
2024-06-25 19:09:00,42.51,-101.76,CHERRY,NEBRASKA,1.75,1,26.4,16.3,54,10.5,13.5,3.0,13.5,0.7,890.5,69,6,19,0.365,0.013658949173986912
2024-06-16 18:00:00,40.1591,-100.7302,RED WILLOW,NEBRASKA,3.5,1,30.0,17.6,48,20.2,28.5,8.3,28.5,0.0,915.1,100,6,18,0.445,0.012003092095255852
2024-07-19 18:22:00,40.3073,-100.9036,HITCHCOCK,NEBRASKA,1.0,1,28.6,16.9,49,13.2,16.5,3.3000000000000007,16.5,0.0,920.4,100,7,18,0.389,0.013658949173986912
2024-05-20 20:25:00,42.7,-97.35,CEDAR,NEBRASKA,1.25,1,20.0,16.3,80,15.7,25.9,10.2,25.9,1.6,959.9,65,5,20,0.172,0.013658949173986912
2024-06-07 19:30:00,40.5376,-98.9104,KEARNEY,NEBRASKA,2.0,1,28.5,19.0,56,15.5,26.0,10.5,26.0,0.0,931.7,85,6,19,0.364,0.012003092095255852
2024-05-19 14:20:00,40.09,-98.65,WEBSTER,NEBRASKA,0.88,1,21.9,15.4,66,23.9,32.1,8.200000000000003,32.1,0.0,948.4,54,5,14,0.28,0.013658949173986912
2024-05-06 11:39:00,40.26,-99.9,FURNAS,NEBRASKA,1.0,1,16.9,15.5,92,23.3,37.8,14.499999999999996,37.8,1.8,920.8,100,5,11,0.047,0.027356797829270363
2024-04-26 15:40:00,41.1433,-96.0647,SARPY,NEBRASKA,2.0,1,18.6,14.4,76,29.6,42.1,12.5,42.1,0.6,956.0,75,4,15,0.208,0.015142030082643032
2024-07-31 14:40:00,40.14,-99.83,FURNAS,NEBRASKA,1.0,1,33.3,18.1,41,9.4,11.5,2.0999999999999996,11.5,0.0,936.3,77,7,14,0.431,0.014788164757192135
2024-03-31 18:07:00,41.87,-103.66,SCOTTS BLUFF,NEBRASKA,0.88,1,13.4,2.7,48,23.8,31.2,7.399999999999999,31.2,0.0,868.7,70,3,18,0.396,0.003378035966306925
2024-06-16 19:03:00,40.1901,-100.7245,RED WILLOW,NEBRASKA,1.5,1,30.0,18.0,48,14.3,20.4,6.099999999999998,20.4,0.0,916.8,25,6,19,0.405,0.012003092095255852
2024-07-03 14:41:00,42.92,-101.7,CHERRY,NEBRASKA,1.0,1,18.6,15.6,83,12.6,16.6,4.000000000000002,16.6,11.2,903.5,100,7,14,0.218,0.013658949173986912
2024-07-03 18:02:00,40.66,-100.03,FRONTIER,NEBRASKA,1.0,1,26.0,15.9,54,16.1,22.1,6.0,22.1,0.0,923.0,78,7,18,0.368,0.013658949173986912
2024-05-20 22:48:00,40.3375,-101.3238,DUNDY,NEBRASKA,1.75,1,16.5,14.1,86,23.7,35.4,11.7,35.4,0.2,895.9,100,5,22,0.118,0.01848427765071392
2024-07-20 12:36:00,41.76,-103.23,MORRILL,NEBRASKA,2.0,1,25.8,13.5,47,13.3,16.1,2.8000000000000007,16.1,0.1,892.8,26,7,12,0.398,0.013658949173986912
2024-08-18 04:24:00,42.92,-99.2,BOYD,NEBRASKA,1.0,1,19.0,17.1,88,11.5,22.7,11.2,22.7,0.0,949.3,30,8,4,0.029,0.0537942536175251
2024-07-19 18:41:00,40.62,-101.98,CHASE,NEBRASKA,2.75,1,27.3,16.4,51,8.8,10.6,1.799999999999999,10.6,1.2,898.4,93,7,18,0.388,0.013658949173986912
2024-06-27 16:29:00,40.88,-101.38,PERKINS,NEBRASKA,1.25,1,25.7,19.6,69,15.5,20.3,4.800000000000001,20.3,2.1,892.5,100,6,16,0.263,0.012003092095255852
2024-05-23 17:59:00,40.85,-101.47,PERKINS,NEBRASKA,3.5,1,23.5,13.1,52,26.6,36.4,9.799999999999997,36.4,0.0,889.5,18,5,17,0.418,0.0060960943810641766
2024-05-19 05:33:00,40.92,-96.5009,LANCASTER,NEBRASKA,1.0,1,14.8,5.0,52,8.2,20.6,12.400000000000002,20.6,0.0,975.0,100,5,5,0.347,0.006775091402232647
2024-05-03 20:52:00,40.33,-99.04,FRANKLIN,NEBRASKA,0.88,1,16.0,14.1,88,12.4,21.7,9.299999999999999,21.7,4.2,932.2,99,5,20,0.05,0.004769870080053806
2024-04-26 15:42:00,41.0831,-96.0867,SARPY,NEBRASKA,1.75,1,19.1,14.7,75,29.2,40.6,11.400000000000002,40.6,0.9,955.0,58,4,15,0.218,0.024562157690525055
2024-06-02 13:40:00,41.353,-103.1429,CHEYENNE,NEBRASKA,1.75,1,24.4,10.2,41,9.2,10.4,1.200000000000001,10.4,0.8,862.5,92,6,13,0.432,0.004769870080053806
2024-05-20 18:50:00,40.92,-98.35,HALL,NEBRASKA,2.0,1,27.0,14.9,48,9.7,12.8,3.1000000000000014,12.8,0.0,941.1,49,5,18,0.394,0.013658949173986912
2024-05-23 15:17:00,41.45,-102.46,GARDEN,NEBRASKA,1.5,1,21.6,9.8,47,3.1,3.5,0.3999999999999999,3.5,1.3,885.4,92,5,15,0.404,0.004769870080053806
2024-05-29 15:49:00,41.41,-103.65,BANNER,NEBRASKA,0.75,1,23.1,10.9,46,18.7,24.1,5.400000000000002,24.1,0.3,854.4,100,5,15,0.415,0.004769870080053806
2024-06-02 12:40:00,41.54,-103.66,BANNER,NEBRASKA,2.0,1,26.6,3.2,22,13.1,15.8,2.700000000000001,15.8,0.0,853.7,46,6,12,0.808,0.004769870080053806
2024-05-23 21:04:00,40.3407,-100.4228,RED WILLOW,NEBRASKA,0.75,1,21.6,14.3,63,23.8,40.9,17.099999999999998,40.9,0.0,908.1,13,5,21,0.326,0.017528071999549866
2023-08-05 15:31:00,39.9,-102.39,YUMA,COLORADO,1.5,1,27.1,15.4,49,10.8,12.8,2.0,12.8,0.0,886.9,62,8,15,0.387,0.013658949173986912
2023-07-08 14:30:00,40.28,-102.25,YUMA,COLORADO,1.75,1,22.3,13.9,59,23.7,29.9,6.199999999999999,29.9,0.1,891.0,44,7,14,0.347,0.0060960943810641766
2023-06-21 19:46:00,39.72,-104.99,DENVER,COLORADO,1.25,1,25.5,11.5,42,6.0,8.4,2.4000000000000004,8.4,0.0,841.9,43,6,19,0.419,0.0060960943810641766
2023-06-12 11:38:00,38.45,-105.21,FREMONT,COLORADO,2.0,1,14.3,11.4,83,10.9,13.6,2.6999999999999993,13.6,0.0,839.1,71,6,11,0.121,0.004486005287617445
2023-07-20 13:43:00,38.84,-104.68,EL PASO,COLORADO,1.25,1,24.6,12.6,47,17.4,19.4,2.0,19.4,0.0,821.7,38,7,13,0.395,0.0060960943810641766
2023-06-21 20:26:00,39.67,-105.21,JEFFERSON,COLORADO,2.0,1,19.6,12.4,63,8.0,12.3,4.300000000000001,12.3,0.3,798.9,13,6,20,0.274,0.004769870080053806
2023-05-10 16:38:00,39.99,-103.85,ADAMS,COLORADO,2.5,1,22.0,7.3,39,9.7,11.8,2.1000000000000014,11.8,0.0,855.0,70,5,16,0.412,0.004486005287617445
2023-07-31 19:24:00,38.92,-104.78,EL PASO,COLORADO,1.0,1,22.9,15.9,65,15.0,22.7,7.699999999999999,22.7,0.0,809.8,98,7,19,0.278,0.013658949173986912
2023-06-11 16:28:00,39.45,-104.46,ELBERT,COLORADO,0.88,1,16.9,9.4,61,15.3,18.8,3.5,18.8,1.2,818.5,99,6,16,0.295,0.0044272281229496
2023-06-09 18:11:00,40.12,-102.72,YUMA,COLORADO,0.75,1,24.5,9.1,38,12.9,15.7,2.799999999999999,15.7,0.0,875.1,100,6,18,0.425,0.004769870080053806
2023-08-05 15:35:00,39.95,-102.28,YUMA,COLORADO,1.75,1,27.8,15.0,46,9.9,11.8,1.9000000000000004,11.8,0.0,888.7,44,8,15,0.404,0.013658949173986912
2023-07-06 16:19:00,39.51,-104.52,ELBERT,COLORADO,0.88,1,20.6,13.3,63,2.7,3.4,0.6999999999999997,3.4,0.0,817.6,85,7,16,0.275,0.004769870080053806
2023-07-13 14:00:00,38.73,-103.42,LINCOLN,COLORADO,2.2,1,24.8,17.8,65,29.8,36.6,6.800000000000001,36.6,3.0,855.9,100,7,14,0.34,0.013658949173986912
2023-07-15 19:23:00,39.9412,-102.2422,YUMA,COLORADO,0.75,1,28.5,11.4,35,18.8,24.7,5.899999999999999,24.7,0.0,889.5,70,7,19,0.494,0.013658949173986912
2023-06-21 17:00:00,39.95,-103.22,WASHINGTON,COLORADO,1.75,1,24.0,16.2,62,9.0,11.0,2.0,11.0,0.6,860.9,90,6,17,0.299,0.013658949173986912
2023-07-31 19:15:00,38.9,-104.78,EL PASO,COLORADO,1.0,1,22.9,15.9,65,15.0,22.7,7.699999999999999,22.7,0.0,815.1,98,7,19,0.278,0.013658949173986912
2023-06-22 13:51:00,39.63,-105.15,JEFFERSON,COLORADO,1.75,1,25.8,10.1,37,7.1,9.9,2.8000000000000007,9.9,0.0,830.5,67,6,13,0.426,0.0060960943810641766
2023-06-22 13:38:00,39.65,-105.19,JEFFERSON,COLORADO,1.25,1,26.0,10.4,38,7.2,9.2,1.9999999999999991,9.2,0.0,828.2,45,6,13,0.426,0.0060960943810641766
2023-08-07 13:40:00,40.62,-103.7,WELD,COLORADO,1.25,1,24.4,13.6,51,4.0,4.5,0.5,4.5,0.0,865.5,60,8,13,0.368,0.013658949173986912
2023-07-06 18:50:00,38.86,-103.4,LINCOLN,COLORADO,3.5,1,25.2,13.3,48,17.1,21.2,4.099999999999998,21.2,0.0,853.4,83,7,18,0.402,0.013658949173986912
2023-08-05 14:05:00,39.62,-103.58,WASHINGTON,COLORADO,1.5,1,26.9,11.4,38,12.3,15.2,2.8999999999999986,15.2,0.0,851.7,96,8,14,0.428,0.013658949173986912
2023-06-21 20:42:00,39.72,-104.95,DENVER,COLORADO,1.0,1,23.9,14.8,57,12.7,17.2,4.5,17.2,0.0,840.0,3,6,20,0.332,0.013658949173986912
2023-05-10 15:07:00,39.46,-104.59,ELBERT,COLORADO,1.75,1,17.2,5.7,47,12.1,14.8,2.700000000000001,14.8,0.0,809.6,91,5,15,0.372,0.003378035966306925
2023-07-18 17:10:00,40.94,-102.39,SEDGWICK,COLORADO,1.0,1,30.7,16.3,42,8.7,9.5,0.8000000000000007,9.5,0.8,895.4,100,7,17,0.441,0.012003092095255852
2023-08-05 13:15:00,38.98,-104.85,EL PASO,COLORADO,1.0,1,21.6,10.8,50,13.8,18.8,5.0,18.8,0.0,804.9,49,8,13,0.369,0.004769870080053806
2023-07-21 17:22:00,40.61,-103.84,WELD,COLORADO,1.0,1,26.2,12.4,42,5.4,6.5,1.0999999999999996,6.5,0.0,863.3,84,7,17,0.418,0.013658949173986912
2023-08-08 17:00:00,39.9316,-102.7083,YUMA,COLORADO,4.0,1,26.0,15.3,52,11.2,14.0,2.8000000000000007,14.0,0.0,873.4,73,8,17,0.367,0.013658949173986912
2023-08-28 17:45:00,39.94,-104.11,ADAMS,COLORADO,1.0,1,22.5,13.9,58,23.4,29.8,6.400000000000002,29.8,1.1,861.2,89,8,17,0.365,0.0060960943810641766
2023-05-10 14:20:00,38.84,-105.17,TELLER,COLORADO,1.0,1,12.8,-1.6,37,13.6,19.1,5.500000000000002,19.1,0.3,725.7,89,5,14,0.411,0.003378035966306925
2023-07-07 16:40:00,38.75,-105.18,TELLER,COLORADO,1.75,1,17.3,4.7,43,9.7,13.0,3.3000000000000007,13.0,0.5,725.8,93,7,16,0.397,0.003378035966306925
2023-05-26 13:32:00,39.82,-105.14,JEFFERSON,COLORADO,0.75,1,18.9,11.6,63,10.6,12.4,1.8000000000000007,12.4,0.0,836.4,76,5,13,0.274,0.004769870080053806
2023-07-07 14:23:00,38.91,-104.72,EL PASO,COLORADO,1.0,1,20.8,10.0,50,7.3,8.4,1.1000000000000005,8.4,0.5,801.5,83,7,14,0.371,0.004769870080053806
2023-06-28 19:54:00,40.93,-103.23,LOGAN,COLORADO,2.0,1,27.1,11.1,37,20.8,28.5,7.699999999999999,28.5,0.0,861.2,51,6,19,0.636,0.013658949173986912
2023-08-05 14:08:00,38.78,-104.55,EL PASO,COLORADO,2.5,1,25.4,13.6,48,11.0,12.2,1.1999999999999993,12.2,0.5,821.8,65,8,14,0.394,0.013658949173986912
2023-05-09 22:20:00,40.05,-105.03,WELD,COLORADO,2.0,1,12.7,10.4,86,13.3,23.3,10.0,23.3,2.1,841.6,42,5,22,0.111,0.004486005287617445
2023-07-21 20:52:00,39.07,-104.8,EL PASO,COLORADO,1.0,1,21.4,8.9,45,8.8,13.3,4.5,13.3,0.0,786.8,59,7,20,0.392,0.004486005287617445
2023-08-03 16:05:00,39.27,-104.18,ELBERT,COLORADO,1.2,1,27.1,11.1,37,13.5,16.0,2.5,16.0,0.9,823.7,59,8,16,0.511,0.013658949173986912
2023-05-09 22:18:00,40.09,-105.0,WELD,COLORADO,2.0,1,12.4,10.3,87,10.6,18.6,8.000000000000002,18.6,1.0,844.1,32,5,22,0.034,0.004486005287617445
2023-07-10 16:07:00,39.34,-102.26,KIT CARSON,COLORADO,0.88,1,30.8,19.3,50,18.3,24.2,5.899999999999999,24.2,0.0,878.0,57,7,16,0.405,0.012774139642715454
2023-05-10 14:59:00,39.62,-104.78,ARAPAHOE,COLORADO,1.5,1,15.9,7.1,56,8.4,10.2,1.799999999999999,10.2,0.0,823.7,83,5,14,0.316,0.003378035966306925
2024-08-20 18:45:00,38.9,-104.54,EL PASO,COLORADO,0.75,1,25.4,8.0,33,16.1,19.8,3.6999999999999993,19.8,0.0,812.6,62,8,18,0.477,0.004769870080053806
2024-05-30 20:25:00,40.05,-105.03,WELD,COLORADO,0.88,1,21.9,5.4,34,3.6,4.8,1.1999999999999997,4.8,0.1,845.9,35,5,20,0.488,0.0044272281229496
2024-05-30 22:17:00,39.69,-104.84,ARAPAHOE,COLORADO,1.0,1,15.1,9.7,70,30.2,47.7,17.500000000000004,47.7,0.0,832.0,6,5,22,0.262,0.009185969829559326
2024-08-21 16:08:00,37.58,-106.15,RIO GRANDE,COLORADO,0.88,1,21.7,9.6,46,8.9,13.2,4.299999999999999,13.2,0.4,782.9,99,8,16,0.393,0.004769870080053806
2024-06-08 16:50:00,38.9519,-102.7528,CHEYENNE,COLORADO,2.0,1,28.0,15.1,45,14.0,17.1,3.1000000000000014,17.1,0.0,865.0,93,6,16,0.407,0.013658949173986912
2024-06-01 16:27:00,40.62,-103.24,LOGAN,COLORADO,1.25,1,25.3,9.1,36,10.8,13.1,2.299999999999999,13.1,0.0,879.5,48,6,16,0.492,0.004769870080053806
2024-08-22 17:27:00,39.4039,-102.0934,KIT CARSON,COLORADO,1.0,1,30.1,15.9,42,6.0,7.6,1.5999999999999996,7.6,0.7,884.7,55,8,17,0.437,0.013658949173986912
2024-08-12 16:30:00,40.85,-103.93,WELD,COLORADO,2.0,1,25.4,15.2,53,15.1,18.5,3.4000000000000004,18.5,0.0,854.8,54,8,16,0.36,0.013658949173986912
2024-05-15 15:00:00,38.89,-104.48,EL PASO,COLORADO,1.0,1,12.2,5.7,64,7.6,7.9,0.3000000000000007,7.9,1.2,805.0,88,5,15,0.256,0.003378035966306925
2024-06-09 15:40:00,39.61,-104.77,ARAPAHOE,COLORADO,1.25,1,26.1,9.6,35,9.6,10.7,1.0999999999999996,10.7,0.0,830.3,100,6,15,0.493,0.0060960943810641766
2024-05-20 20:32:00,40.1649,-102.4748,YUMA,COLORADO,2.5,1,15.9,13.1,83,28.3,40.8,12.499999999999996,40.8,3.2,873.3,100,5,20,0.157,0.011871341615915298
2024-05-30 20:28:00,39.93,-105.02,BROOMFIELD,COLORADO,1.5,1,23.1,3.2,27,5.1,6.0,0.9000000000000004,6.0,0.0,843.0,25,5,20,0.602,0.0044272281229496
2024-06-29 17:26:00,39.84,-105.08,JEFFERSON,COLORADO,0.75,1,29.6,7.7,25,8.9,10.4,1.5,10.4,0.0,844.7,50,6,17,0.683,0.013658949173986912
2024-05-30 19:58:00,40.1,-105.18,BOULDER,COLORADO,1.0,1,25.1,0.7,20,8.9,10.9,2.0,10.9,0.0,845.6,14,5,19,0.859,0.004486005287617445
2024-05-20 20:09:00,38.82,-104.74,EL PASO,COLORADO,1.0,1,20.5,7.8,44,9.8,12.8,3.0,12.8,0.0,809.4,100,5,20,0.394,0.004486005287617445
2024-08-13 18:30:00,40.0893,-102.66,YUMA,COLORADO,1.0,1,23.6,19.2,76,11.5,15.2,3.6999999999999993,15.2,3.9,878.4,100,8,18,0.205,0.013658949173986912
2024-05-28 16:40:00,39.2909,-103.0681,KIT CARSON,COLORADO,1.0,1,23.5,8.8,39,7.3,8.9,1.6000000000000005,8.9,0.2,857.0,67,5,16,0.418,0.004769870080053806
2024-06-01 16:54:00,40.65,-102.67,LOGAN,COLORADO,1.0,1,25.1,7.6,33,8.3,10.1,1.799999999999999,10.1,0.0,876.3,80,6,16,0.468,0.004769870080053806
2024-05-30 21:53:00,39.73,-104.97,DENVER,COLORADO,1.75,1,19.6,6.7,43,22.0,36.0,14.0,36.0,0.2,838.9,25,5,21,0.471,0.011016755364835262
2024-05-30 21:05:00,39.81,-104.87,DENVER,COLORADO,1.0,1,17.1,10.0,63,27.0,39.6,12.600000000000001,39.6,1.5,842.2,36,5,21,0.331,0.010512328706681728
2024-05-20 19:58:00,40.17,-102.66,YUMA,COLORADO,1.75,1,22.9,9.1,41,12.0,16.0,4.0,16.0,0.0,871.2,89,5,19,0.415,0.004769870080053806
2024-05-20 19:26:00,40.09,-102.97,WASHINGTON,COLORADO,2.75,1,20.7,10.5,52,19.0,25.6,6.600000000000001,25.6,0.2,860.3,65,5,19,0.377,0.004769870080053806
2024-05-28 21:02:00,40.39,-104.7,WELD,COLORADO,1.0,1,20.9,4.2,34,7.5,19.5,12.0,19.5,0.0,859.1,5,5,21,0.463,0.013108501210808754
2024-06-13 16:36:00,39.56,-103.33,LINCOLN,COLORADO,1.0,1,30.6,11.1,30,23.4,29.2,5.800000000000001,29.2,0.0,851.7,54,6,16,0.805,0.013658949173986912
2024-05-28 20:50:00,40.4,-104.68,WELD,COLORADO,1.25,1,24.0,4.0,27,4.2,5.4,1.2000000000000002,5.4,0.0,862.4,3,5,20,0.604,0.004486005287617445
2024-07-03 17:04:00,38.96,-104.09,EL PASO,COLORADO,1.0,1,25.0,11.3,42,10.1,13.0,2.9000000000000004,13.0,1.5,817.6,20,7,17,0.44,0.0060960943810641766
2024-07-07 16:44:00,38.85,-104.71,EL PASO,COLORADO,1.0,1,22.8,6.7,35,8.7,10.3,1.6000000000000014,10.3,0.5,815.1,54,7,16,0.496,0.004486005287617445
2024-05-30 22:10:00,39.69,-104.87,ARAPAHOE,COLORADO,1.5,1,15.1,9.7,70,30.2,47.7,17.500000000000004,47.7,0.0,833.4,6,5,22,0.262,0.009185969829559326
2024-05-30 21:50:00,39.71,-104.69,ARAPAHOE,COLORADO,1.5,1,14.4,10.4,77,20.9,31.8,10.900000000000002,31.8,1.3,830.6,94,5,21,0.19,0.004486005287617445
2024-07-19 20:00:00,39.7011,-102.2919,YUMA,COLORADO,1.75,1,28.3,18.9,57,3.3,7.9,4.6000000000000005,7.9,0.0,884.6,3,7,20,0.34,0.012003092095255852
2024-07-03 13:29:00,40.76,-103.06,LOGAN,COLORADO,1.0,1,27.0,15.1,48,17.0,21.6,4.600000000000001,21.6,0.1,886.8,66,7,13,0.407,0.013658949173986912
2024-05-31 17:21:00,39.23,-103.8,ELBERT,COLORADO,1.5,1,21.4,5.9,36,8.8,10.9,2.0999999999999996,10.9,0.4,829.2,99,5,17,0.426,0.0044272281229496
2024-06-08 17:13:00,38.7877,-102.7007,CHEYENNE,COLORADO,2.0,1,25.2,15.2,54,22.4,28.6,6.200000000000003,28.6,0.0,872.0,99,6,17,0.39,0.013658949173986912
2024-05-28 20:47:00,40.42,-104.7,WELD,COLORADO,1.0,1,24.0,4.0,27,4.2,5.4,1.2000000000000002,5.4,0.0,862.3,3,5,20,0.604,0.004486005287617445
2024-05-30 20:35:00,39.9,-104.97,ADAMS,COLORADO,1.0,1,23.5,3.4,27,9.3,10.5,1.1999999999999993,10.5,0.0,840.6,40,5,20,0.609,0.004486005287617445
2024-05-31 17:48:00,39.14,-103.69,LINCOLN,COLORADO,2.25,1,20.6,5.4,37,14.8,18.4,3.599999999999998,18.4,0.0,836.0,76,5,17,0.421,0.006285847630351782
2024-07-20 18:45:00,40.28,-105.16,LARIMER,COLORADO,1.25,1,25.0,8.6,35,15.9,21.8,5.9,21.8,0.0,852.2,50,7,18,0.507,0.004769870080053806
2024-06-08 14:25:00,40.23,-104.07,MORGAN,COLORADO,1.0,1,26.7,13.9,45,21.4,26.7,5.300000000000001,26.7,1.4,863.1,98,6,14,0.453,0.013658949173986912
2024-05-20 20:55:00,40.0,-102.49,YUMA,COLORADO,0.88,1,15.8,13.2,85,17.1,25.6,8.5,25.6,1.9,872.8,86,5,20,0.125,0.004769870080053806
2024-07-07 16:42:00,37.91,-104.79,PUEBLO,COLORADO,1.0,1,23.7,6.5,33,15.6,19.5,3.9000000000000004,19.5,0.0,821.3,79,7,16,0.473,0.004486005287617445
2023-05-19 16:45:00,35.54,-97.53,OKLAHOMA,OKLAHOMA,0.0,0,21.6,17.8,79,30.7,42.7,12.000000000000004,42.7,0.6,974.6,43,5,16,0.191,0.040785372257232666
2023-07-13 16:18:00,33.88,-94.79,MCCURTAIN,OKLAHOMA,0.0,0,35.8,24.5,53,10.9,15.6,4.699999999999999,15.6,0.0,992.7,0,7,16,0.386,0.04106353968381882
2023-05-19 18:25:00,35.48,-97.24,OKLAHOMA,OKLAHOMA,0.0,0,19.9,15.4,76,26.5,38.0,11.5,38.0,0.0,976.6,100,5,18,0.212,0.0537942536175251
2023-10-19 20:03:00,35.3004,-97.5014,CLEVELAND,OKLAHOMA,0.0,0,20.9,6.1,38,5.9,3.8,2.1000000000000005,5.9,0.0,970.8,0,10,20,0.416,0.0044272281229496
2023-06-11 16:49:00,35.72,-97.98,CANADIAN,OKLAHOMA,0.0,0,30.2,16.4,43,16.9,21.6,4.700000000000003,21.6,0.0,967.0,33,6,16,0.436,0.012003092095255852
2023-04-15 15:22:00,34.0291,-97.1894,LOVE,OKLAHOMA,0.0,0,22.8,8.2,39,21.6,30.0,8.399999999999999,30.0,0.0,982.9,0,4,15,0.463,0.004769870080053806
2023-03-28 21:34:00,35.3615,-97.2813,CLEVELAND,OKLAHOMA,0.0,0,7.2,0.8,63,6.5,14.9,8.4,14.9,0.0,983.6,0,3,21,0.239,0.003378035966306925
2023-04-22 14:25:00,35.2169,-96.5239,SEMINOLE,OKLAHOMA,0.0,0,12.1,-0.4,42,17.9,24.8,6.900000000000002,24.8,0.0,987.3,100,4,14,0.404,0.003378035966306925
2023-11-03 13:56:00,34.8701,-98.2186,CADDO,OKLAHOMA,0.0,0,16.5,9.2,62,19.4,27.3,7.900000000000002,27.3,0.0,972.7,0,11,13,0.297,0.0044272281229496
2023-06-11 17:10:00,36.7287,-97.0549,KAY,OKLAHOMA,0.0,0,28.7,15.1,44,20.2,27.4,7.199999999999999,27.4,0.0,973.4,7,6,17,0.464,0.013658949173986912
2023-06-12 15:51:00,35.57,-97.66,OKLAHOMA,OKLAHOMA,0.0,0,24.7,15.6,57,12.0,14.5,2.5,14.5,0.0,969.1,100,6,15,0.331,0.013658949173986912
2023-05-19 19:04:00,35.39,-97.6,OKLAHOMA,OKLAHOMA,0.0,0,16.5,13.4,82,27.8,38.5,10.7,38.5,0.0,973.1,100,5,19,0.151,0.004769870080053806
2023-07-11 21:13:00,36.56,-102.79,CIMARRON,OKLAHOMA,0.0,0,30.4,10.6,29,17.6,34.0,16.4,34.0,0.0,866.0,2,7,21,0.867,0.03872102499008179
2023-06-11 18:22:00,35.91,-98.12,KINGFISHER,OKLAHOMA,0.0,0,29.6,14.8,40,19.1,26.0,6.899999999999999,26.0,0.0,967.1,31,6,18,0.452,0.013658949173986912
2023-05-19 17:14:00,35.22,-97.48,CLEVELAND,OKLAHOMA,0.0,0,22.2,17.4,74,28.7,40.6,11.900000000000002,40.6,0.1,974.3,95,5,17,0.231,0.040785372257232666
2023-09-10 01:05:00,35.5075,-96.5674,OKFUSKEE,OKLAHOMA,0.0,0,22.0,10.4,48,10.9,25.6,14.700000000000001,25.6,0.0,983.7,14,9,1,0.403,0.009736435487866402
2023-04-01 12:37:00,36.8754,-94.8777,OTTAWA,OKLAHOMA,0.0,0,10.4,-1.4,44,12.6,17.7,5.1,17.7,0.0,993.8,0,4,12,0.371,0.003378035966306925
2023-07-06 15:06:00,36.19,-97.1,PAYNE,OKLAHOMA,0.0,0,28.9,20.4,60,3.6,4.4,0.8000000000000003,4.4,0.0,980.0,100,7,15,0.316,0.012774139642715454
2023-05-19 16:50:00,35.64,-97.53,OKLAHOMA,OKLAHOMA,0.0,0,21.4,17.8,80,30.9,42.6,11.700000000000003,42.6,0.5,976.7,50,5,16,0.181,0.040785372257232666
2023-03-18 00:39:00,35.1347,-94.5363,LE FLORE,OKLAHOMA,0.0,0,4.4,-5.1,50,3.3,6.5,3.2,6.5,0.0,1005.5,100,3,0,0.321,0.003378035966306925
2023-10-05 18:12:00,36.06,-96.34,CREEK,OKLAHOMA,0.0,0,24.5,14.6,54,4.2,10.8,6.6000000000000005,10.8,0.0,987.8,0,10,18,0.35,0.013658949173986912
2023-05-19 21:03:00,35.46,-97.06,POTTAWATOMIE,OKLAHOMA,0.0,0,15.9,12.9,82,18.0,27.7,9.7,27.7,0.0,980.9,42,5,21,0.137,0.004769870080053806
2023-07-15 20:03:00,35.26,-97.5,CLEVELAND,OKLAHOMA,0.0,0,28.8,22.0,67,5.2,11.3,6.1000000000000005,11.3,0.0,973.8,17,7,20,0.262,0.025279328227043152
2023-05-19 17:17:00,35.2952,-97.4885,CLEVELAND,OKLAHOMA,0.0,0,21.9,17.5,76,29.8,41.4,11.599999999999998,41.4,0.0,974.6,100,5,17,0.213,0.040785372257232666
2023-05-10 16:33:00,35.861,-97.9161,KINGFISHER,OKLAHOMA,0.0,0,27.0,17.8,57,9.1,11.8,2.700000000000001,11.8,0.0,973.9,49,5,16,0.334,0.013658949173986912
2023-05-19 16:53:00,35.6369,-97.5178,OKLAHOMA,OKLAHOMA,0.0,0,21.4,17.8,80,30.9,42.6,11.700000000000003,42.6,0.5,976.4,50,5,16,0.181,0.040785372257232666
2023-07-15 20:13:00,35.2608,-97.4452,CLEVELAND,OKLAHOMA,0.0,0,28.8,22.0,67,5.2,11.3,6.1000000000000005,11.3,0.0,974.1,17,7,20,0.262,0.025279328227043152
2023-08-16 12:28:00,36.75,-94.85,OTTAWA,OKLAHOMA,0.0,0,25.1,15.0,53,3.6,4.6,0.9999999999999996,4.6,0.0,989.0,0,8,12,0.354,0.013658949173986912
2023-05-19 16:58:00,35.6485,-97.4677,OKLAHOMA,OKLAHOMA,0.0,0,21.6,18.0,80,24.9,36.2,11.300000000000004,36.2,0.6,974.8,55,5,16,0.175,0.0537942536175251
2023-05-10 15:37:00,35.85,-98.41,BLAINE,OKLAHOMA,0.0,0,25.8,17.6,61,22.9,28.6,5.700000000000003,28.6,0.9,958.8,96,5,15,0.344,0.013658949173986912
2023-04-01 12:26:00,36.77,-94.93,OTTAWA,OKLAHOMA,0.0,0,10.6,-1.1,44,12.1,16.7,4.6,16.7,0.0,993.4,0,4,12,0.369,0.003378035966306925
2023-07-13 21:07:00,34.03,-94.74,MCCURTAIN,OKLAHOMA,0.0,0,30.4,26.6,80,3.2,6.2,3.0,6.2,0.0,992.2,100,7,21,0.156,0.04106353968381882
2023-05-19 16:50:00,35.15,-97.64,MCCLAIN,OKLAHOMA,0.0,0,24.8,17.1,62,24.2,33.9,9.7,33.9,0.3,970.8,68,5,16,0.33,0.013658949173986912
2023-06-21 18:07:00,36.62,-101.15,TEXAS,OKLAHOMA,0.0,0,24.5,19.5,74,11.7,16.2,4.5,16.2,0.0,913.4,65,6,18,0.201,0.012003092095255852
2023-04-22 14:45:00,35.43,-96.2645,OKFUSKEE,OKLAHOMA,0.0,0,11.2,-1.6,41,16.7,23.7,7.0,23.7,0.0,989.1,99,4,14,0.404,0.003378035966306925
2023-05-15 14:00:00,35.2393,-94.6218,LE FLORE,OKLAHOMA,0.0,0,27.5,19.7,62,10.0,13.8,3.8000000000000007,13.8,0.1,1001.5,100,5,14,0.294,0.012003092095255852
2023-07-15 19:35:00,35.3011,-97.7568,GRADY,OKLAHOMA,0.0,0,30.1,20.3,56,9.5,12.4,2.9000000000000004,12.4,0.0,971.7,8,7,19,0.351,0.014788164757192135
2023-07-12 05:45:00,34.78,-98.29,COMANCHE,OKLAHOMA,0.0,0,25.3,23.6,91,11.6,23.5,11.9,23.5,0.0,965.4,0,7,5,0.029,0.056174587458372116
2023-05-19 18:15:00,34.4259,-98.6576,COMANCHE,OKLAHOMA,0.0,0,23.6,15.4,60,32.5,43.4,10.899999999999999,43.4,0.0,975.8,47,5,18,0.371,0.013658949173986912
2023-03-28 20:13:00,35.0855,-98.6,CADDO,OKLAHOMA,0.0,0,7.8,-2.2,49,7.1,8.4,1.3000000000000007,8.4,0.0,974.9,60,3,20,0.334,0.003378035966306925
2024-10-24 18:20:00,35.208,-97.379,CLEVELAND,OKLAHOMA,0.0,0,29.5,8.7,27,20.1,33.8,13.699999999999996,33.8,0.0,969.6,2,10,18,0.91,0.03212312236428261
2024-06-14 19:18:00,36.6961,-96.7294,OSAGE,OKLAHOMA,0.0,0,27.5,21.8,71,13.5,18.7,5.199999999999999,18.7,0.0,977.9,71,6,19,0.228,0.014788164757192135
2024-06-03 14:13:00,34.723,-96.6539,PONTOTOC,OKLAHOMA,0.0,0,21.6,20.7,94,19.0,36.4,17.4,36.4,0.0,977.1,100,6,14,0.03,0.03160083666443825
2024-06-20 16:33:00,36.2995,-95.6254,ROGERS,OKLAHOMA,0.0,0,29.8,21.6,62,10.7,14.5,3.8000000000000007,14.5,0.0,1000.2,100,6,16,0.306,0.025279328227043152
2024-09-16 00:30:00,35.8381,-95.0711,CHEROKEE,OKLAHOMA,0.0,0,21.9,17.2,75,7.6,15.3,7.700000000000001,15.3,0.0,992.3,0,9,0,0.19,0.013658949173986912
2024-06-14 19:05:00,36.7654,-96.8503,KAY,OKLAHOMA,0.0,0,27.6,22.3,73,13.5,18.4,4.899999999999999,18.4,0.0,975.4,83,6,19,0.213,0.025279328227043152
2024-09-15 17:53:00,36.6706,-97.9103,GRANT,OKLAHOMA,0.0,0,31.9,17.9,43,15.0,19.1,4.100000000000001,19.1,0.0,973.3,27,9,17,0.432,0.012774139642715454
2024-04-13 21:42:00,33.96,-94.94,MCCURTAIN,OKLAHOMA,0.0,0,19.0,11.6,62,12.6,28.3,15.700000000000001,28.3,0.0,1002.7,0,4,21,0.303,0.01220518909394741
2024-04-13 12:19:00,34.4341,-97.2549,MURRAY,OKLAHOMA,0.0,0,24.0,10.1,41,23.7,34.0,10.3,34.0,0.0,971.6,0,4,12,0.482,0.004769870080053806
2024-06-11 16:00:00,36.68,-101.79,TEXAS,OKLAHOMA,0.0,0,28.6,13.2,39,11.2,13.2,2.0,13.2,0.0,900.8,46,6,16,0.43,0.013658949173986912
2024-06-07 17:08:00,36.0391,-95.0494,CHEROKEE,OKLAHOMA,0.0,0,30.9,19.9,52,14.9,23.0,8.1,23.0,0.0,978.0,95,6,17,0.392,0.014788164757192135
2024-06-20 16:41:00,36.0201,-96.0252,TULSA,OKLAHOMA,0.0,0,28.5,21.7,67,9.2,12.8,3.6000000000000014,12.8,0.0,999.1,100,6,16,0.262,0.014788164757192135
2024-05-27 13:30:00,36.6945,-97.4085,KAY,OKLAHOMA,0.0,0,28.0,13.9,42,7.2,8.7,1.4999999999999991,8.7,0.0,981.3,0,5,13,0.423,0.013658949173986912
2024-06-14 19:09:00,36.69,-96.87,OSAGE,OKLAHOMA,0.0,0,27.4,22.1,73,12.1,17.0,4.9,17.0,0.0,974.4,52,6,19,0.212,0.014788164757192135
2024-10-24 17:25:00,35.5577,-97.5279,OKLAHOMA,OKLAHOMA,0.0,0,31.5,8.6,24,30.6,43.3,12.699999999999996,43.3,0.0,968.4,3,10,17,0.939,0.03354853391647339
2024-04-13 12:18:00,35.2319,-96.2819,HUGHES,OKLAHOMA,0.0,0,24.5,10.9,42,21.0,30.5,9.5,30.5,0.0,993.5,7,4,12,0.474,0.004769870080053806
2024-05-30 19:06:00,34.3866,-99.01,TILLMAN,OKLAHOMA,0.0,0,25.4,20.9,76,20.2,27.5,7.300000000000001,27.5,0.0,965.9,100,5,19,0.2,0.012774139642715454
2024-07-03 12:42:00,34.7229,-96.6541,PONTOTOC,OKLAHOMA,0.0,0,34.6,21.1,46,9.4,12.8,3.4000000000000004,12.8,0.0,985.9,68,7,12,0.418,0.020640430971980095
2024-06-21 13:22:00,34.26,-94.8,MCCURTAIN,OKLAHOMA,0.0,0,31.5,17.4,43,10.2,13.9,3.700000000000001,13.9,0.0,990.1,43,6,13,0.427,0.012774139642715454
2024-06-18 21:13:00,35.5087,-97.5422,OKLAHOMA,OKLAHOMA,0.0,0,29.0,19.5,57,24.3,37.8,13.499999999999996,37.8,0.0,969.6,39,6,21,0.403,0.02618313767015934
2024-05-27 13:40:00,35.0282,-99.1046,KIOWA,OKLAHOMA,0.0,0,32.7,5.4,18,15.3,18.7,3.3999999999999986,18.7,0.0,961.4,0,5,13,0.897,0.013658949173986912
2024-06-18 21:50:00,36.3861,-97.891,GARFIELD,OKLAHOMA,0.0,0,28.4,20.5,62,27.2,39.5,12.3,39.5,0.0,966.9,94,6,21,0.348,0.03548576682806015
2024-06-27 00:20:00,34.2629,-98.2427,COTTON,OKLAHOMA,0.0,0,30.0,21.9,62,8.9,15.2,6.299999999999999,15.2,0.0,976.0,4,6,0,0.304,0.018312323838472366
2024-07-04 04:12:00,35.4168,-97.2586,OKLAHOMA,OKLAHOMA,0.0,0,27.7,19.5,61,18.8,33.4,14.599999999999998,33.4,0.0,968.3,15,7,4,0.343,0.024080915376544
2024-05-31 03:36:00,35.97,-98.35,BLAINE,OKLAHOMA,0.0,0,19.2,17.4,89,10.5,18.9,8.399999999999999,18.9,0.0,966.5,100,5,3,0.029,0.013658949173986912
2024-06-01 21:08:00,36.0807,-95.818,TULSA,OKLAHOMA,0.0,0,22.5,19.9,85,6.6,15.8,9.200000000000001,15.8,0.0,987.5,4,6,21,0.11,0.012003092095255852
2024-04-13 18:00:00,34.9432,-96.0042,PITTSBURG,OKLAHOMA,0.0,0,25.1,11.4,42,25.4,40.3,14.899999999999999,40.3,0.0,988.8,0,4,18,0.511,0.01986822485923767
2024-06-27 08:15:00,36.5415,-99.5353,WOODWARD,OKLAHOMA,0.0,0,24.3,19.8,76,22.4,30.6,8.200000000000003,30.6,0.0,944.2,12,6,8,0.202,0.012003092095255852
2024-04-13 10:47:00,34.1666,-97.9091,JEFFERSON,OKLAHOMA,0.0,0,20.6,10.6,53,18.7,27.8,9.100000000000001,27.8,0.0,986.7,0,4,10,0.384,0.004769870080053806
2024-10-24 17:02:00,35.61,-97.5859,OKLAHOMA,OKLAHOMA,0.0,0,31.6,8.8,24,32.3,45.3,13.0,45.3,0.0,970.7,4,10,17,0.939,0.03212312236428261
2024-04-13 17:00:00,35.2425,-94.62,LE FLORE,OKLAHOMA,0.0,0,26.2,8.8,33,19.1,31.4,12.299999999999997,31.4,0.0,998.8,0,4,17,0.665,0.014502312056720257
2024-04-13 17:01:00,35.2245,-94.6136,LE FLORE,OKLAHOMA,0.0,0,26.2,8.8,33,19.1,31.4,12.299999999999997,31.4,0.0,996.6,0,4,17,0.665,0.014502312056720257
2024-06-21 06:45:00,34.6878,-98.4041,COMANCHE,OKLAHOMA,0.0,0,23.6,21.0,85,10.7,21.2,10.5,21.2,0.1,979.5,64,6,6,0.114,0.012774139642715454
2024-06-24 18:28:00,36.2604,-97.8905,GARFIELD,OKLAHOMA,0.0,0,36.8,16.2,30,18.8,24.9,6.099999999999998,24.9,0.0,967.6,50,6,18,0.614,0.018397772684693336
2024-06-01 00:43:00,34.1608,-97.1577,CARTER,OKLAHOMA,0.0,0,21.4,18.5,84,7.1,17.8,10.700000000000001,17.8,0.0,983.6,75,6,0,0.122,0.013658949173986912
2024-07-25 21:55:00,35.6575,-97.578,OKLAHOMA,OKLAHOMA,0.0,0,27.7,17.1,53,7.2,16.3,9.100000000000001,16.3,0.0,978.9,14,7,21,0.368,0.013658949173986912
2024-06-08 13:40:00,35.1955,-97.4059,CLEVELAND,OKLAHOMA,0.0,0,34.2,20.4,45,20.1,28.1,8.0,28.1,0.0,968.8,7,6,13,0.467,0.019680282101035118
2024-04-13 16:48:00,34.79,-96.68,PONTOTOC,OKLAHOMA,0.0,0,26.4,10.6,37,26.2,39.1,12.900000000000002,39.1,0.0,980.3,0,4,16,0.595,0.014486945234239101
2024-04-06 18:24:00,34.8723,-99.5122,GREER,OKLAHOMA,0.0,0,23.2,-4.3,16,39.4,53.6,14.200000000000003,53.6,0.0,948.0,0,4,18,0.978,0.004536911379545927
2024-06-21 06:08:00,35.4945,-97.7534,CANADIAN,OKLAHOMA,0.0,0,24.5,19.7,75,13.7,24.5,10.8,24.5,0.0,974.1,97,6,6,0.204,0.012003092095255852
2023-07-03 18:45:00,26.45,-98.86,STARR,TEXAS,0.0,0,38.0,16.0,27,21.6,26.8,5.199999999999999,26.8,0.0,997.4,18,7,18,0.789,0.020640430971980095
2023-05-22 17:44:00,30.98,-98.79,SAN SABA,TEXAS,0.0,0,27.7,15.3,47,12.5,15.6,3.0999999999999996,15.6,0.0,957.7,19,5,17,0.399,0.013658949173986912
2023-07-12 03:30:00,35.64,-101.6,HUTCHINSON,TEXAS,0.0,0,26.8,16.9,55,16.1,33.7,17.6,33.7,0.0,902.8,0,7,3,0.397,0.03872102499008179
2023-07-14 16:27:00,32.5,-96.89,ELLIS,TEXAS,0.0,0,38.5,17.8,30,15.8,19.4,3.599999999999998,19.4,0.0,984.6,2,7,16,0.597,0.02199559472501278
2023-05-28 16:08:00,30.43,-97.77,WILLIAMSON,TEXAS,0.0,0,26.6,18.1,59,13.1,17.2,4.1,17.2,0.0,980.0,100,5,16,0.316,0.013658949173986912
2023-07-16 19:10:00,31.203,-97.1142,FALLS,TEXAS,0.0,0,36.6,14.4,27,11.6,14.3,2.700000000000001,14.3,0.0,993.5,87,7,19,0.682,0.018312323838472366
2023-05-22 14:40:00,31.74,-99.96,RUNNELS,TEXAS,0.0,0,28.1,15.4,46,12.4,15.0,2.5999999999999996,15.0,0.0,957.6,42,5,14,0.404,0.013658949173986912
2023-06-24 02:05:00,33.18,-102.83,YOAKUM,TEXAS,0.0,0,27.5,13.2,41,26.4,43.8,17.4,43.8,0.0,890.5,0,6,2,0.557,0.03872102499008179
2023-05-02 14:00:00,33.31,-98.04,JACK,TEXAS,0.0,0,25.0,10.8,41,12.9,17.3,4.4,17.3,0.0,981.0,100,5,14,0.422,0.0060960943810641766
2023-07-03 14:58:00,33.01,-94.37,CASS,TEXAS,0.0,0,35.2,20.9,43,5.7,7.5,1.7999999999999998,7.5,0.0,999.0,27,7,14,0.431,0.020640430971980095
2023-07-15 18:17:00,30.81,-98.37,BURNET,TEXAS,0.0,0,39.4,14.7,23,1.3,0.7,0.6000000000000001,1.3,0.0,973.8,7,7,18,0.87,0.02199559472501278
2023-07-08 12:56:00,29.76,-98.44,COMAL,TEXAS,0.0,0,30.1,21.7,61,8.3,10.5,2.1999999999999993,10.5,0.1,972.8,54,7,12,0.315,0.018312323838472366
2023-07-11 19:39:00,33.09,-97.16,DENTON,TEXAS,0.0,0,35.5,21.6,44,4.5,5.1,0.5999999999999996,5.1,0.0,985.6,99,7,19,0.422,0.02199559472501278
2023-05-25 17:32:00,32.62,-100.6,FISHER,TEXAS,0.0,0,27.0,15.8,50,13.5,17.1,3.6000000000000014,17.1,0.0,937.0,69,5,17,0.379,0.013658949173986912
2023-05-20 22:05:00,29.87,-99.76,REAL,TEXAS,0.0,0,20.3,16.1,77,5.9,12.8,6.9,12.8,0.0,949.4,100,5,22,0.171,0.013658949173986912
2023-07-08 17:45:00,29.5218,-95.0769,GALVESTON,TEXAS,0.0,0,31.4,25.0,69,10.9,13.5,2.5999999999999996,13.5,0.0,1011.4,48,7,17,0.25,0.02199559472501278
2023-07-26 07:35:00,33.38,-94.22,BOWIE,TEXAS,0.0,0,26.3,21.1,73,13.6,25.6,12.000000000000002,25.6,0.0,1006.6,28,7,7,0.22,0.03548576682806015
2023-04-01 03:49:00,29.81,-98.08,COMAL,TEXAS,0.0,0,18.0,-3.7,23,12.6,27.8,15.200000000000001,27.8,0.0,985.2,100,4,3,0.932,0.0060244956985116005
2023-05-02 19:55:00,32.8007,-94.5499,MARION,TEXAS,0.0,0,22.4,14.9,63,5.2,12.9,7.7,12.9,0.0,1002.1,98,5,19,0.282,0.013658949173986912
2023-07-13 17:48:00,35.92,-101.46,HUTCHINSON,TEXAS,0.0,0,24.0,21.1,84,5.8,15.5,9.7,15.5,8.9,898.6,100,7,17,0.206,0.012774139642715454
2023-05-26 21:43:00,30.7,-97.92,WILLIAMSON,TEXAS,0.0,0,23.1,17.5,70,5.1,13.5,8.4,13.5,0.0,979.6,100,5,21,0.221,0.013658949173986912
2023-07-02 15:39:00,32.26,-102.78,ANDREWS,TEXAS,0.0,0,32.8,13.6,31,10.1,11.9,1.8000000000000007,11.9,0.0,906.1,11,7,15,0.466,0.012003092095255852
2023-07-12 20:36:00,32.36,-97.9,HOOD,TEXAS,0.0,0,38.0,14.6,25,15.5,27.9,12.399999999999999,27.9,0.0,972.1,0,7,20,0.94,0.0599297434091568
2023-07-13 10:50:00,32.89,-94.85,UPSHUR,TEXAS,0.0,0,30.4,23.9,68,9.9,14.2,4.299999999999999,14.2,0.0,1000.2,0,7,10,0.253,0.020640430971980095
2023-04-15 18:31:00,32.53,-95.71,VAN ZANDT,TEXAS,0.0,0,24.4,12.4,47,14.8,24.2,9.399999999999999,24.2,0.0,992.2,67,4,18,0.409,0.0060960943810641766
2023-06-05 15:37:00,31.84,-99.58,COLEMAN,TEXAS,0.0,0,24.0,15.4,59,23.6,29.4,5.799999999999997,29.4,0.3,948.7,84,6,15,0.357,0.013658949173986912
2023-04-23 00:42:00,33.71,-96.9,GRAYSON,TEXAS,0.0,0,9.1,3.2,67,18.9,30.8,11.900000000000002,30.8,0.0,993.7,100,4,0,0.25,0.006775091402232647
2023-06-18 16:36:00,32.03,-97.42,HILL,TEXAS,0.0,0,32.4,24.5,63,2.6,3.1,0.5,3.1,0.0,983.6,2,6,16,0.298,0.02199559472501278
2023-10-19 17:33:00,34.2955,-99.7556,HARDEMAN,TEXAS,0.0,0,29.4,5.7,22,10.6,13.4,2.8000000000000007,13.4,0.0,961.0,0,10,17,0.811,0.0060960943810641766
2023-07-11 19:29:00,33.04,-96.98,DENTON,TEXAS,0.0,0,32.5,26.4,70,5.2,10.7,5.499999999999999,10.7,0.0,993.1,99,7,19,0.239,0.04106353968381882
2023-06-18 16:24:00,31.24,-99.14,MCCULLOCH,TEXAS,0.0,0,34.0,18.2,39,10.9,13.2,2.299999999999999,13.2,0.0,953.4,0,6,16,0.437,0.025279328227043152
2023-07-11 19:54:00,33.09,-96.9,DENTON,TEXAS,0.0,0,34.2,24.9,59,6.8,9.0,2.2,9.0,0.0,991.8,99,7,19,0.34,0.04106353968381882
2023-06-27 16:49:00,36.08,-101.44,HANSFORD,TEXAS,0.0,0,35.3,11.4,24,8.0,9.8,1.8000000000000007,9.8,0.0,903.6,16,6,16,0.766,0.012774139642715454
2023-07-21 19:15:00,34.02,-100.82,MOTLEY,TEXAS,0.0,0,29.5,17.5,49,20.9,26.9,6.0,26.9,0.0,937.5,80,7,19,0.446,0.012003092095255852
2023-04-07 16:20:00,33.2,-98.76,YOUNG,TEXAS,0.0,0,20.1,1.8,29,16.2,19.9,3.6999999999999993,19.9,0.0,980.5,91,4,16,0.462,0.003378035966306925
2023-07-12 21:05:00,32.48,-97.49,JOHNSON,TEXAS,0.0,0,34.2,19.0,41,18.8,35.5,16.7,35.5,0.0,975.1,0,7,21,0.503,0.05357947200536728
2023-07-12 19:40:00,30.91,-99.25,MASON,TEXAS,0.0,0,39.8,8.6,15,14.1,18.8,4.700000000000001,18.8,0.0,952.0,4,7,19,0.9,0.019680282101035118
2023-07-03 19:12:00,35.25,-101.65,POTTER,TEXAS,0.0,0,31.9,10.6,27,10.3,12.3,2.0,12.3,0.0,895.0,31,7,19,0.624,0.013658949173986912
2023-06-04 19:56:00,30.59,-98.5,LLANO,TEXAS,0.0,0,25.5,15.4,54,6.8,8.0,1.2000000000000002,8.0,0.0,975.4,99,6,19,0.355,0.013658949173986912
2023-10-24 20:21:00,30.53,-97.68,WILLIAMSON,TEXAS,0.0,0,23.0,21.9,94,19.5,32.2,12.700000000000003,32.2,0.9,986.1,97,10,20,0.039,0.03973853215575218
2024-05-09 16:11:00,30.36,-97.67,TRAVIS,TEXAS,0.0,0,30.5,23.2,65,6.2,7.2,1.0,7.2,0.0,981.4,87,5,16,0.279,0.019680282101035118
2024-06-21 13:08:00,33.02,-97.09,DENTON,TEXAS,0.0,0,30.5,22.0,60,11.8,14.3,2.5,14.3,0.0,998.5,25,6,13,0.317,0.018312323838472366
2024-05-08 21:40:00,33.66,-97.04,COOKE,TEXAS,0.0,0,23.4,14.3,57,12.3,28.3,16.0,28.3,0.0,971.9,0,5,21,0.365,0.03872102499008179
2024-06-12 17:02:00,27.44,-98.26,DUVAL,TEXAS,0.0,0,34.0,22.5,51,18.4,23.4,5.0,23.4,0.2,1001.7,30,6,17,0.407,0.02199559472501278
2024-06-23 16:07:00,32.76,-96.47,KAUFMAN,TEXAS,0.0,0,34.9,20.4,43,5.4,6.6,1.1999999999999993,6.6,0.0,995.3,6,6,16,0.432,0.020640430971980095
2024-04-26 14:15:00,30.28,-98.06,TRAVIS,TEXAS,0.0,0,25.5,21.5,78,22.1,34.0,11.899999999999999,34.0,2.1,965.4,100,4,14,0.199,0.03548576682806015
2024-07-02 17:30:00,35.1,-101.87,RANDALL,TEXAS,0.0,0,35.6,12.5,25,28.4,36.1,7.700000000000003,36.1,0.1,891.2,98,7,17,0.944,0.012774139642715454
2024-06-29 16:17:00,31.97,-102.25,MIDLAND,TEXAS,0.0,0,36.8,15.8,29,25.1,30.9,5.799999999999997,30.9,0.0,916.3,93,6,16,0.866,0.018397772684693336
2024-06-01 17:30:00,31.54,-99.7,CONCHO,TEXAS,0.0,0,32.7,18.7,44,13.7,16.3,2.6000000000000014,16.3,0.0,957.1,26,6,17,0.428,0.014788164757192135
2024-06-12 13:30:00,28.83,-96.98,VICTORIA,TEXAS,0.0,0,33.0,21.9,52,4.3,5.4,1.1000000000000005,5.4,0.0,1009.9,23,6,13,0.379,0.019680282101035118
2024-05-27 16:34:00,33.4164,-99.8175,KNOX,TEXAS,0.0,0,35.8,13.8,27,17.7,21.8,4.100000000000001,21.8,0.0,958.6,0,5,16,0.688,0.014788164757192135
2024-05-25 22:07:00,33.02,-102.03,LYNN,TEXAS,0.0,0,29.4,-10.9,7,17.9,35.5,17.6,35.5,0.0,901.0,72,5,22,0.977,0.011506267823278904
2024-06-21 15:54:00,31.42,-100.52,TOM GREEN,TEXAS,0.0,0,31.5,18.5,46,18.4,23.0,4.600000000000001,23.0,0.1,951.7,27,6,15,0.428,0.012774139642715454
2024-06-08 20:32:00,30.97,-94.43,TYLER,TEXAS,0.0,0,30.0,21.4,60,12.3,25.8,13.5,25.8,0.0,1002.5,3,6,20,0.339,0.06398943811655045
2024-06-21 13:43:00,33.09,-96.78,COLLIN,TEXAS,0.0,0,30.5,21.4,58,11.5,14.1,2.5999999999999996,14.1,0.2,995.3,81,6,13,0.336,0.025279328227043152
2024-07-02 16:13:00,33.12,-96.92,DENTON,TEXAS,0.0,0,36.5,20.7,40,21.4,27.9,6.5,27.9,0.0,992.5,5,7,16,0.496,0.02199559472501278
2024-04-23 18:36:00,33.97,-98.03,CLAY,TEXAS,0.0,0,28.4,15.8,46,12.9,16.4,3.4999999999999982,16.4,0.0,977.8,90,4,18,0.403,0.013658949173986912
2024-06-15 19:50:00,30.75,-99.24,MASON,TEXAS,0.0,0,33.5,14.7,32,16.7,22.3,5.600000000000001,22.3,0.0,955.3,1,6,19,0.481,0.012774139642715454
2024-06-21 19:05:00,33.15,-95.49,HOPKINS,TEXAS,0.0,0,31.6,20.7,52,5.4,11.0,5.6,11.0,0.0,1001.1,10,6,19,0.374,0.025279328227043152
2024-07-02 18:55:00,31.5388,-94.427,NACOGDOCHES,TEXAS,0.0,0,34.7,22.5,49,8.0,12.4,4.4,12.4,0.0,996.6,3,7,18,0.403,0.02199559472501278
2024-05-09 20:30:00,29.84,-98.46,COMAL,TEXAS,0.0,0,28.8,23.5,74,7.0,15.9,8.9,15.9,0.0,964.8,0,5,20,0.212,0.019680282101035118
2024-06-29 14:10:00,32.41,-96.85,ELLIS,TEXAS,0.0,0,34.7,22.3,49,15.9,19.5,3.5999999999999996,19.5,0.1,993.0,52,6,14,0.412,0.02199559472501278
2024-06-04 18:25:00,32.54,-94.35,HARRISON,TEXAS,0.0,0,29.0,25.0,79,13.6,22.6,9.000000000000002,22.6,0.1,992.6,100,6,18,0.171,0.02199559472501278
2024-04-13 18:21:00,33.28,-96.74,COLLIN,TEXAS,0.0,0,25.1,14.6,52,31.3,43.9,12.599999999999998,43.9,0.0,989.0,0,4,18,0.44,0.03354853391647339
2024-04-23 17:55:00,33.95,-98.35,CLAY,TEXAS,0.0,0,28.5,16.5,48,17.7,22.5,4.800000000000001,22.5,0.0,976.9,28,4,17,0.41,0.013658949173986912
2024-05-06 16:40:00,33.8563,-98.4795,WICHITA,TEXAS,0.0,0,29.3,21.0,61,34.4,46.9,12.5,46.9,0.0,967.8,58,5,16,0.378,0.03973853215575218
2024-06-15 19:02:00,30.94,-99.78,MENARD,TEXAS,0.0,0,33.0,14.0,32,20.0,27.3,7.300000000000001,27.3,0.0,941.5,3,6,19,0.686,0.012003092095255852
2024-05-08 17:50:00,32.09,-96.71,NAVARRO,TEXAS,0.0,0,31.5,23.6,63,17.8,23.5,5.699999999999999,23.5,0.0,980.8,6,5,17,0.311,0.020640430971980095
2024-05-31 18:15:00,36.28,-101.05,OCHILTREE,TEXAS,0.0,0,26.5,12.2,41,5.2,6.2,1.0,6.2,0.0,910.5,82,5,18,0.423,0.013658949173986912
2024-06-12 08:34:00,29.18,-99.14,MEDINA,TEXAS,0.0,0,26.2,22.4,79,6.0,7.6,1.5999999999999996,7.6,0.0,988.0,43,6,8,0.156,0.014788164757192135
2024-06-21 15:25:00,31.56,-98.66,MILLS,TEXAS,0.0,0,31.3,20.6,53,19.9,24.6,4.700000000000003,24.6,0.0,968.6,31,6,15,0.39,0.025279328227043152
2024-04-20 17:33:00,29.91,-95.53,HARRIS,TEXAS,0.0,0,22.8,21.4,92,17.1,26.4,9.299999999999997,26.4,0.6,1008.7,100,4,17,0.035,0.012774139642715454
2024-05-30 17:25:00,32.36,-101.02,MITCHELL,TEXAS,0.0,0,30.4,17.3,46,15.5,20.2,4.699999999999999,20.2,0.0,936.2,39,5,17,0.419,0.012003092095255852
2024-06-21 13:08:00,33.03,-97.07,DENTON,TEXAS,0.0,0,30.5,22.0,60,11.8,14.3,2.5,14.3,0.0,998.6,25,6,13,0.317,0.018312323838472366
2024-05-28 18:06:00,30.91,-95.99,MADISON,TEXAS,0.0,0,27.9,23.0,75,21.2,29.4,8.2,29.4,0.0,1003.1,60,5,18,0.219,0.018312323838472366
2024-06-27 20:32:00,29.74,-99.17,BANDERA,TEXAS,0.0,0,32.2,18.8,45,18.4,26.4,8.0,26.4,0.0,962.4,14,6,20,0.442,0.014788164757192135
2024-06-27 05:02:00,33.17,-96.57,COLLIN,TEXAS,0.0,0,26.6,23.8,84,10.7,20.8,10.100000000000001,20.8,0.0,992.9,19,6,5,0.121,0.018397772684693336
2024-06-12 17:12:00,27.42,-98.18,JIM WELLS,TEXAS,0.0,0,33.7,22.8,53,16.6,20.5,3.8999999999999986,20.5,0.0,1003.9,25,6,17,0.385,0.02199559472501278
2024-06-21 12:20:00,32.03,-100.29,COKE,TEXAS,0.0,0,29.1,18.2,52,16.1,19.5,3.3999999999999986,19.5,0.0,951.4,28,6,12,0.379,0.012003092095255852
2024-06-08 16:15:00,31.12,-99.33,MCCULLOCH,TEXAS,0.0,0,37.8,13.2,23,25.9,33.2,7.300000000000004,33.2,0.0,951.8,91,6,16,0.983,0.018397772684693336
2023-10-19 17:45:00,38.6404,-101.7524,GREELEY,KANSAS,0.0,0,25.9,-0.4,18,17.2,23.0,5.800000000000001,23.0,0.0,894.5,0,10,17,0.905,0.004486005287617445
2023-11-02 14:52:00,39.6185,-100.4427,DECATUR,KANSAS,0.0,0,16.5,0.6,34,7.9,10.2,2.299999999999999,10.2,0.0,921.9,0,11,14,0.477,0.003378035966306925
2023-08-16 10:24:00,37.32,-96.74,COWLEY,KANSAS,0.0,0,22.2,16.8,71,10.0,13.8,3.8000000000000007,13.8,0.0,969.2,0,8,10,0.214,0.013658949173986912
2023-09-06 18:24:00,39.13,-100.92,LOGAN,KANSAS,0.0,0,27.4,9.4,32,14.5,18.8,4.300000000000001,18.8,0.0,911.9,0,9,18,0.45,0.0060960943810641766
2023-06-11 18:43:00,37.71,-96.22,GREENWOOD,KANSAS,0.0,0,24.7,14.6,54,20.9,28.4,7.5,28.4,0.0,975.7,6,6,18,0.392,0.013658949173986912
2023-06-29 15:14:00,39.22,-96.2,POTTAWATOMIE,KANSAS,0.0,0,37.7,18.1,32,3.1,3.8,0.6999999999999997,3.8,0.0,976.1,9,6,15,0.472,0.02199559472501278
2023-08-15 14:25:00,39.66,-98.94,SMITH,KANSAS,0.0,0,28.1,11.7,36,4.6,5.9,1.3000000000000007,5.9,0.0,964.5,0,8,14,0.496,0.013658949173986912
2023-08-15 18:30:00,37.95,-98.99,STAFFORD,KANSAS,0.0,0,29.5,12.8,36,3.8,4.1,0.2999999999999998,4.1,0.0,948.7,1,8,18,0.499,0.013658949173986912
2023-06-08 13:50:00,39.11,-96.39,WABAUNSEE,KANSAS,0.0,0,32.6,14.4,33,9.4,11.7,2.299999999999999,11.7,0.0,967.9,98,6,13,0.453,0.012003092095255852
2023-11-02 13:24:00,38.9301,-101.4052,LOGAN,KANSAS,0.0,0,15.9,-1.1,31,2.1,2.3,0.19999999999999973,2.3,0.0,911.4,0,11,13,0.452,0.003378035966306925
2023-07-30 14:15:00,39.524,-101.9314,SHERMAN,KANSAS,0.0,0,33.2,18.2,41,13.7,17.6,3.900000000000002,17.6,0.0,893.3,0,7,14,0.43,0.014788164757192135
2023-10-21 14:39:00,39.46,-97.97,MITCHELL,KANSAS,0.0,0,23.8,3.5,27,13.7,18.6,4.900000000000002,18.6,0.0,964.2,0,10,14,0.619,0.004486005287617445
2023-09-06 20:15:00,38.4798,-101.3597,WICHITA,KANSAS,0.0,0,24.2,10.5,42,9.7,21.3,11.600000000000001,21.3,0.0,904.0,0,9,20,0.428,0.014502312056720257
2023-11-02 17:03:00,37.94,-99.25,EDWARDS,KANSAS,0.0,0,16.6,2.2,38,16.3,22.5,6.199999999999999,22.5,0.0,941.7,0,11,17,0.42,0.003378035966306925
2023-11-02 16:40:00,37.7,-99.41,KIOWA,KANSAS,0.0,0,16.7,2.3,38,14.9,20.0,5.1,20.0,0.0,938.4,0,11,16,0.412,0.003378035966306925
2023-05-05 02:13:00,37.38,-94.71,CRAWFORD,KANSAS,0.0,0,12.9,12.2,96,7.4,17.0,9.6,17.0,0.0,979.9,66,5,2,0.029,0.004769870080053806
2023-08-21 15:54:00,39.12,-97.13,DICKINSON,KANSAS,0.0,0,40.5,15.9,24,6.5,8.3,1.8000000000000007,8.3,0.0,975.7,6,8,15,0.813,0.02199559472501278
2023-06-08 18:26:00,37.94,-99.26,EDWARDS,KANSAS,0.0,0,28.0,14.9,45,5.8,6.7,0.9000000000000004,6.7,0.0,936.2,89,6,18,0.408,0.013658949173986912
2023-07-30 20:03:00,39.22,-95.31,JEFFERSON,KANSAS,0.0,0,25.5,22.8,85,20.2,32.9,12.7,32.9,1.4,978.9,96,7,20,0.135,0.04651818424463272
2023-06-27 17:49:00,38.88,-99.32,ELLIS,KANSAS,0.0,0,30.8,18.1,47,28.5,38.3,9.799999999999997,38.3,0.0,940.1,100,6,17,0.479,0.012774139642715454
2023-06-08 18:44:00,38.25,-99.13,PAWNEE,KANSAS,0.0,0,29.1,13.2,38,7.6,9.2,1.5999999999999996,9.2,0.0,940.2,2,6,18,0.441,0.013658949173986912
2023-06-08 11:35:00,39.39,-97.89,CLOUD,KANSAS,0.0,0,30.8,14.2,37,6.5,7.9,1.4000000000000004,7.9,0.0,964.1,100,6,11,0.501,0.013658949173986912
2023-06-08 18:51:00,38.38,-99.9,NESS,KANSAS,0.0,0,28.7,13.8,40,5.8,6.9,1.1000000000000005,6.9,0.0,931.2,98,6,18,0.423,0.013658949173986912
2023-08-21 16:44:00,39.68,-96.66,MARSHALL,KANSAS,0.0,0,39.8,16.1,25,4.8,6.4,1.6000000000000005,6.4,0.0,978.0,20,8,16,0.724,0.02199559472501278
2023-05-19 17:34:00,39.06,-96.87,GEARY,KANSAS,0.0,0,20.2,4.2,35,20.0,26.8,6.800000000000001,26.8,0.0,982.1,60,5,17,0.542,0.004406875465065241
2023-11-02 13:35:00,38.976,-101.3095,LOGAN,KANSAS,0.0,0,15.9,-0.9,32,3.2,3.4,0.19999999999999973,3.4,0.0,912.9,0,11,13,0.452,0.003378035966306925
2023-09-06 16:47:00,39.3602,-101.7259,SHERMAN,KANSAS,0.0,0,27.3,9.6,33,17.7,22.7,5.0,22.7,0.0,894.6,0,9,16,0.49,0.0060960943810641766
2023-09-10 22:36:00,37.1,-97.05,COWLEY,KANSAS,0.0,0,25.1,8.3,34,11.4,25.6,14.200000000000001,25.6,0.0,976.5,100,9,22,0.535,0.009736435487866402
2023-10-10 15:52:00,37.98,-101.14,KEARNY,KANSAS,0.0,0,25.9,8.6,34,13.6,17.4,3.799999999999999,17.4,0.0,904.5,0,10,15,0.471,0.004769870080053806
2023-06-08 06:30:00,39.86,-100.97,RAWLINS,KANSAS,0.0,0,14.6,12.6,88,4.4,6.4,2.0,6.4,0.0,913.6,100,6,6,0.029,0.004769870080053806
2023-06-23 19:22:00,37.03,-101.12,STEVENS,KANSAS,0.0,0,27.9,20.3,64,26.3,37.8,11.499999999999996,37.8,0.0,908.9,15,6,19,0.333,0.05044250935316086
2023-05-19 17:34:00,37.38,-96.41,ELK,KANSAS,0.0,0,13.2,10.9,86,22.4,36.9,14.5,36.9,1.9,976.3,100,5,17,0.122,0.008619686588644981
2023-10-05 18:13:00,37.51,-94.84,CRAWFORD,KANSAS,0.0,0,24.2,11.8,46,4.0,11.1,7.1,11.1,0.0,981.5,18,10,18,0.395,0.0060960943810641766
2023-10-23 09:42:00,38.9791,-94.8786,JOHNSON,KANSAS,0.0,0,18.8,13.4,71,22.6,41.2,18.6,41.2,0.0,978.1,67,10,9,0.253,0.011506267823278904
2023-07-09 20:38:00,37.58,-101.36,GRANT,KANSAS,0.0,0,23.9,15.6,60,10.5,16.6,6.100000000000001,16.6,0.0,911.5,2,7,20,0.309,0.013658949173986912
2023-08-21 15:37:00,39.63,-99.86,NORTON,KANSAS,0.0,0,38.0,12.9,23,25.1,33.7,8.600000000000001,33.7,0.0,943.9,4,8,15,0.983,0.018397772684693336
2023-08-15 08:09:00,39.66,-96.03,NEMAHA,KANSAS,0.0,0,15.4,13.6,89,8.2,16.4,8.2,16.4,0.0,974.5,0,8,8,0.029,0.004769870080053806
2023-10-16 16:35:00,38.83,-94.74,JOHNSON,KANSAS,0.0,0,16.7,4.7,45,14.8,21.0,6.199999999999999,21.0,0.0,985.9,0,10,16,0.39,0.003378035966306925
2023-08-16 17:04:00,37.55,-99.63,FORD,KANSAS,0.0,0,33.2,16.4,37,22.1,29.8,7.699999999999999,29.8,0.0,930.2,0,8,17,0.65,0.012774139642715454
2024-06-05 12:09:00,39.81,-99.61,PHILLIPS,KANSAS,0.0,0,25.5,16.0,56,24.5,32.6,8.100000000000001,32.6,0.0,932.0,0,6,12,0.385,0.013658949173986912
2024-06-05 19:27:00,39.09,-97.02,DICKINSON,KANSAS,0.0,0,30.2,14.1,37,17.0,27.4,10.399999999999999,27.4,0.0,962.5,28,6,19,0.655,0.013658949173986912
2024-07-07 17:15:00,39.6245,-100.4218,DECATUR,KANSAS,0.0,0,26.5,11.1,38,12.5,15.8,3.3000000000000007,15.8,0.0,922.0,51,7,17,0.428,0.0060960943810641766
2024-06-24 18:57:00,39.5,-98.31,MITCHELL,KANSAS,0.0,0,34.5,18.3,38,21.2,36.1,14.900000000000002,36.1,0.0,956.2,81,6,18,0.574,0.06043671816587448
2024-05-26 17:12:00,38.01,-94.72,BOURBON,KANSAS,0.0,0,24.3,18.3,69,8.0,11.2,3.1999999999999993,11.2,0.0,972.1,40,5,17,0.235,0.013658949173986912
2024-07-18 14:42:00,38.94,-99.65,TREGO,KANSAS,0.0,0,26.6,17.0,55,13.9,17.7,3.799999999999999,17.7,0.0,946.0,58,7,14,0.345,0.013658949173986912
2024-04-12 20:58:00,39.37,-95.42,JEFFERSON,KANSAS,0.0,0,14.7,0.2,37,8.4,14.1,5.699999999999999,14.1,0.0,980.4,0,4,20,0.403,0.003378035966306925
2024-05-27 19:00:00,39.3509,-100.2613,SHERIDAN,KANSAS,0.0,0,24.6,7.8,34,9.5,12.5,3.0,12.5,0.0,931.9,24,5,19,0.462,0.004769870080053806
2024-07-02 18:12:00,39.9866,-101.5337,CHEYENNE,KANSAS,0.0,0,30.0,10.0,29,10.2,13.0,2.8000000000000007,13.0,0.0,908.9,27,7,18,0.597,0.013658949173986912
2024-06-18 13:25:00,38.95,-99.6,TREGO,KANSAS,0.0,0,32.0,19.0,46,29.5,40.1,10.600000000000001,40.1,0.1,930.0,40,6,13,0.492,0.014788164757192135
2024-08-05 13:30:00,39.8217,-100.5251,DECATUR,KANSAS,0.0,0,35.3,14.6,29,17.8,22.7,4.899999999999999,22.7,0.0,928.2,17,8,13,0.616,0.014788164757192135
2024-07-18 18:20:00,37.75,-99.99,FORD,KANSAS,0.0,0,27.6,17.0,53,14.9,19.2,4.299999999999999,19.2,0.1,934.4,24,7,18,0.373,0.013658949173986912
2024-07-15 20:30:00,37.84,-99.71,FORD,KANSAS,0.0,0,34.0,19.9,44,8.0,16.0,8.0,16.0,0.0,926.0,100,7,20,0.43,0.018397772684693336
2024-04-23 14:57:00,37.75,-100.94,FINNEY,KANSAS,0.0,0,21.2,-1.2,22,25.0,32.9,7.899999999999999,32.9,0.0,916.1,0,4,14,0.932,0.003378035966306925
2024-07-18 16:10:00,39.6094,-99.6369,NORTON,KANSAS,0.0,0,28.5,16.9,49,15.0,19.3,4.300000000000001,19.3,0.0,947.2,28,7,16,0.391,0.013658949173986912
2024-05-25 17:40:00,39.3663,-101.7004,SHERMAN,KANSAS,0.0,0,28.3,2.2,19,12.7,18.7,6.0,18.7,0.0,877.6,68,5,17,0.907,0.004769870080053806
2024-08-05 14:17:00,39.7633,-100.2178,DECATUR,KANSAS,0.0,0,36.2,15.2,29,18.6,24.0,5.399999999999999,24.0,0.0,928.8,10,8,14,0.629,0.018312323838472366
2024-08-06 01:00:00,37.98,-100.86,FINNEY,KANSAS,0.0,0,26.4,12.9,43,11.2,26.4,15.2,26.4,0.0,920.3,100,8,1,0.439,0.04376458376646042
2024-09-15 18:31:00,37.25,-96.8527,COWLEY,KANSAS,0.0,0,29.9,15.8,43,16.4,23.7,7.300000000000001,23.7,0.0,966.7,33,9,18,0.446,0.013658949173986912
2024-06-05 15:44:00,38.52,-98.54,BARTON,KANSAS,0.0,0,29.5,12.8,36,18.6,24.5,5.899999999999999,24.5,0.0,947.4,0,6,15,0.524,0.013658949173986912
2024-07-13 17:50:00,38.97,-98.15,LINCOLN,KANSAS,0.0,0,37.3,14.1,25,28.0,42.4,14.399999999999999,42.4,0.0,963.4,0,7,17,0.939,0.038026947528123856
2024-07-07 17:45:00,39.3645,-100.4708,SHERIDAN,KANSAS,0.0,0,26.6,11.1,38,11.4,15.0,3.5999999999999996,15.0,0.0,921.0,73,7,17,0.428,0.012217146344482899
2024-04-12 18:22:00,38.8,-100.05,TREGO,KANSAS,0.0,0,22.7,6.1,34,18.0,24.6,6.600000000000001,24.6,0.0,936.9,0,4,18,0.513,0.004486005287617445
2024-07-18 16:45:00,37.48,-100.85,HASKELL,KANSAS,0.0,0,28.2,17.4,52,20.3,26.1,5.800000000000001,26.1,0.0,921.6,48,7,16,0.395,0.013658949173986912
2024-06-14 20:40:00,37.49,-96.97,BUTLER,KANSAS,0.0,0,29.5,21.4,62,15.8,27.4,11.599999999999998,27.4,0.0,968.5,98,6,20,0.331,0.076090969145298
2024-07-18 17:20:00,37.54,-100.63,GRAY,KANSAS,0.0,0,27.9,17.4,53,19.1,24.9,5.799999999999997,24.9,0.0,924.0,53,7,17,0.385,0.013658949173986912
2024-06-24 22:34:00,38.66,-96.49,MORRIS,KANSAS,0.0,0,29.4,18.6,52,17.8,33.5,15.7,33.5,0.0,966.5,5,6,22,0.419,0.03860190510749817
2024-07-07 17:30:00,39.5414,-100.5662,SHERIDAN,KANSAS,0.0,0,26.2,10.8,38,12.6,15.9,3.3000000000000007,15.9,0.0,919.0,66,7,17,0.427,0.0060960943810641766
2024-06-05 20:06:00,39.43,-96.65,POTTAWATOMIE,KANSAS,0.0,0,26.9,17.5,57,9.4,22.1,12.700000000000001,22.1,0.0,958.3,21,6,20,0.351,0.03354853391647339
2024-08-10 18:45:00,37.8,-96.91,BUTLER,KANSAS,0.0,0,19.9,16.8,82,6.8,8.6,1.7999999999999998,8.6,0.1,971.5,85,8,18,0.13,0.013658949173986912
2024-06-18 15:15:00,38.2762,-101.2683,WICHITA,KANSAS,0.0,0,28.0,14.4,44,33.5,42.8,9.299999999999997,42.8,0.0,897.8,0,6,15,0.505,0.013658949173986912
2024-06-18 15:49:00,38.88,-98.17,LINCOLN,KANSAS,0.0,0,32.3,19.0,45,38.3,53.7,15.400000000000006,53.7,0.0,949.3,31,6,15,0.594,0.05173862725496292
2024-08-30 17:50:00,38.86,-100.17,GOVE,KANSAS,0.0,0,26.8,11.7,39,9.9,12.3,2.4000000000000004,12.3,0.0,937.6,26,8,17,0.426,0.013658949173986912
2024-06-18 16:40:00,38.91,-97.81,SALINE,KANSAS,0.0,0,34.3,18.2,39,33.8,50.0,16.200000000000003,50.0,0.0,956.4,56,6,16,0.692,0.05357947200536728
2024-04-12 20:01:00,39.11,-96.54,RILEY,KANSAS,0.0,0,16.6,0.4,33,8.3,20.2,11.899999999999999,20.2,0.0,971.9,0,4,20,0.488,0.006775091402232647
2024-06-27 11:15:00,39.0614,-100.7378,GOVE,KANSAS,0.0,0,27.9,18.6,57,35.3,49.0,13.700000000000003,49.0,0.0,911.1,81,6,11,0.421,0.02829308994114399
2024-07-13 18:24:00,39.19,-96.57,RILEY,KANSAS,0.0,0,35.2,19.5,40,24.1,35.9,11.799999999999997,35.9,0.0,977.8,0,7,18,0.527,0.0599297434091568
2024-04-12 20:17:00,39.19,-96.42,POTTAWATOMIE,KANSAS,0.0,0,17.8,-1.7,27,8.5,19.5,11.0,19.5,0.0,980.5,0,4,20,0.605,0.003378035966306925
2024-07-13 18:28:00,39.19,-96.55,POTTAWATOMIE,KANSAS,0.0,0,35.2,19.5,40,24.1,35.9,11.799999999999997,35.9,0.0,978.6,0,7,18,0.527,0.0599297434091568
2024-04-23 16:33:00,39.3384,-100.5943,SHERIDAN,KANSAS,0.0,0,19.8,-2.8,22,14.5,18.2,3.6999999999999993,18.2,0.0,918.6,1,4,16,0.763,0.003378035966306925
2023-10-21 18:00:00,40.04,-100.4,RED WILLOW,NEBRASKA,0.0,0,19.9,5.6,39,13.7,23.0,9.3,23.0,0.0,927.5,0,10,18,0.425,0.00501424353569746
2023-08-03 17:27:00,41.03,-97.4,YORK,NEBRASKA,0.0,0,27.5,20.9,67,9.8,12.4,2.5999999999999996,12.4,0.0,958.1,99,8,17,0.255,0.012774139642715454
2023-06-11 16:12:00,40.19,-96.01,PAWNEE,NEBRASKA,0.0,0,24.0,11.9,47,24.3,32.0,7.699999999999999,32.0,0.0,972.7,62,6,16,0.441,0.0060960943810641766
2023-07-23 20:08:00,41.33,-101.97,KEITH,NEBRASKA,0.0,0,30.1,19.9,54,5.8,16.9,11.099999999999998,16.9,0.1,895.5,100,7,20,0.362,0.012774139642715454
2023-08-13 07:15:00,41.44,-100.69,LOGAN,NEBRASKA,0.0,0,17.5,15.7,89,13.5,24.7,11.2,24.7,0.0,908.3,55,8,7,0.029,0.0537942536175251
2023-08-16 06:49:00,41.51,-96.5,DODGE,NEBRASKA,0.0,0,17.0,13.8,81,16.2,31.2,15.0,31.2,0.0,970.2,0,8,6,0.148,0.01220518909394741
2023-07-09 14:20:00,40.28,-100.04,FURNAS,NEBRASKA,0.0,0,24.4,14.1,53,12.3,15.5,3.1999999999999993,15.5,0.0,939.4,0,7,14,0.359,0.013658949173986912
2023-08-15 15:45:00,42.8969,-103.0378,DAWES,NEBRASKA,0.0,0,30.5,12.2,33,9.4,11.7,2.299999999999999,11.7,0.0,910.0,0,8,15,0.459,0.013658949173986912
2023-07-27 16:24:00,41.5502,-102.6891,MORRILL,NEBRASKA,0.0,0,35.9,6.8,17,10.5,12.7,2.1999999999999993,12.7,0.0,893.3,36,7,16,0.892,0.012003092095255852
2023-05-14 20:01:00,40.6,-96.18,OTOE,NEBRASKA,0.0,0,20.5,15.8,74,24.1,34.0,9.899999999999999,34.0,0.0,983.6,100,5,20,0.214,0.013658949173986912
2023-08-10 22:02:00,41.41,-99.45,CUSTER,NEBRASKA,0.0,0,23.4,16.9,67,11.1,25.8,14.700000000000001,25.8,0.0,924.7,95,8,22,0.267,0.027356797829270363
2023-08-18 16:44:00,42.05,-103.92,SIOUX,NEBRASKA,0.0,0,35.0,8.6,20,24.1,32.0,7.899999999999999,32.0,0.0,870.3,36,8,16,0.969,0.012003092095255852
2023-04-29 21:28:00,42.22,-98.5,HOLT,NEBRASKA,0.0,0,11.7,-5.2,30,24.8,41.2,16.400000000000002,41.2,0.0,941.4,0,4,21,0.618,0.005677477922290564
2023-08-27 16:15:00,41.44,-96.49,DODGE,NEBRASKA,0.0,0,25.7,14.2,49,3.1,3.9,0.7999999999999998,3.9,0.0,975.2,94,8,16,0.382,0.013658949173986912
2023-08-13 10:20:00,40.0386,-100.411,RED WILLOW,NEBRASKA,0.0,0,23.6,18.2,72,13.6,16.9,3.299999999999999,16.9,0.0,930.0,96,8,10,0.215,0.013658949173986912
2023-08-21 17:40:00,40.61,-98.05,CLAY,NEBRASKA,0.0,0,38.6,14.7,24,18.2,24.7,6.5,24.7,0.0,957.2,10,8,17,0.761,0.020640430971980095
2023-06-05 18:00:00,40.48,-99.13,KEARNEY,NEBRASKA,0.0,0,27.5,11.0,36,7.1,8.6,1.5,8.6,0.0,940.3,76,6,18,0.496,0.013658949173986912
2023-07-27 16:43:00,41.41,-102.54,GARDEN,NEBRASKA,0.0,0,36.3,6.4,16,9.9,12.0,2.0999999999999996,12.0,0.0,896.0,16,7,16,0.9,0.012774139642715454
2023-08-12 14:30:00,42.77,-100.69,CHERRY,NEBRASKA,0.0,0,27.5,15.2,47,20.2,24.9,4.699999999999999,24.9,0.0,920.2,47,8,14,0.419,0.013658949173986912
2023-10-21 15:43:00,40.23,-100.84,HITCHCOCK,NEBRASKA,0.0,0,21.6,6.6,38,16.9,21.6,4.700000000000003,21.6,0.0,924.7,0,10,15,0.432,0.004486005287617445
2023-08-27 17:05:00,41.28,-96.18,DOUGLAS,NEBRASKA,0.0,0,25.6,13.4,47,4.7,5.4,0.7000000000000002,5.4,0.0,972.8,89,8,17,0.393,0.013658949173986912
2023-08-29 14:32:00,41.31,-96.81,SAUNDERS,NEBRASKA,0.0,0,29.2,12.9,37,16.6,21.2,4.599999999999998,21.2,0.0,970.6,0,8,14,0.511,0.013658949173986912
2023-09-09 16:18:00,40.77,-99.16,BUFFALO,NEBRASKA,0.0,0,29.8,10.7,31,8.5,10.3,1.8000000000000007,10.3,0.0,944.4,96,9,16,0.464,0.013658949173986912
2023-09-03 18:00:00,42.05,-100.21,BLAINE,NEBRASKA,0.0,0,35.0,11.4,24,10.9,13.7,2.799999999999999,13.7,0.0,919.0,60,9,18,0.74,0.012774139642715454
2023-05-14 17:05:00,40.15,-97.72,THAYER,NEBRASKA,0.0,0,23.7,13.6,53,15.4,19.4,3.9999999999999982,19.4,0.0,965.9,100,5,17,0.359,0.0060960943810641766
2023-08-21 15:49:00,40.54,-99.26,PHELPS,NEBRASKA,0.0,0,37.8,14.2,25,24.5,32.7,8.200000000000003,32.7,0.0,943.6,0,8,15,0.932,0.019680282101035118
2023-07-29 00:41:00,40.18,-101.02,HITCHCOCK,NEBRASKA,0.0,0,28.8,19.8,58,12.1,23.5,11.4,23.5,0.0,924.1,22,7,0,0.345,0.05044250935316086
2023-06-08 05:04:00,40.0498,-101.5341,DUNDY,NEBRASKA,0.0,0,14.6,12.4,86,6.4,11.7,5.299999999999999,11.7,0.0,907.6,88,6,5,0.094,0.004769870080053806
2023-06-05 17:10:00,40.5,-99.87,GOSPER,NEBRASKA,0.0,0,26.6,12.4,41,1.1,1.6,0.5,1.6,0.0,932.7,100,6,17,0.422,0.013658949173986912
2023-08-23 01:25:00,42.36,-97.6,PIERCE,NEBRASKA,0.0,0,30.9,12.2,32,22.1,41.1,19.0,41.1,0.0,957.1,31,8,1,0.783,0.03872102499008179
2023-06-26 17:06:00,41.19,-103.89,KIMBALL,NEBRASKA,0.0,0,26.4,12.2,42,19.2,24.4,5.199999999999999,24.4,0.0,847.9,13,6,17,0.445,0.013658949173986912
2023-08-27 16:59:00,41.31,-96.15,DOUGLAS,NEBRASKA,0.0,0,25.6,13.7,48,5.1,5.9,0.8000000000000007,5.9,0.0,975.0,91,8,16,0.391,0.013658949173986912
2023-09-04 19:30:00,40.23,-100.83,HITCHCOCK,NEBRASKA,0.0,0,34.8,9.3,21,12.4,22.8,10.4,22.8,0.0,913.6,5,9,19,0.886,0.012003092095255852
2023-09-09 18:30:00,40.44,-98.4,ADAMS,NEBRASKA,0.0,0,28.1,11.2,35,11.3,16.7,5.399999999999999,16.7,0.0,954.0,100,9,18,0.499,0.013658949173986912
2023-08-07 15:30:00,41.2445,-103.66,KIMBALL,NEBRASKA,0.0,0,24.6,8.6,36,20.5,25.3,4.800000000000001,25.3,0.2,863.5,92,8,15,0.521,0.004769870080053806
2023-06-04 19:10:00,40.47,-99.69,GOSPER,NEBRASKA,0.0,0,26.5,9.7,35,9.4,12.7,3.299999999999999,12.7,0.0,930.7,32,6,19,0.494,0.0060960943810641766
2023-08-15 15:58:00,42.8079,-102.9271,DAWES,NEBRASKA,0.0,0,30.3,10.9,30,9.2,12.3,3.1000000000000014,12.3,0.0,902.3,0,8,15,0.544,0.013658949173986912
2023-06-06 03:14:00,41.77,-98.81,GARFIELD,NEBRASKA,0.0,0,17.5,12.5,73,9.4,12.9,3.5,12.9,0.0,940.8,8,6,3,0.199,0.004769870080053806
2023-11-01 17:33:00,42.9,-102.75,SHERIDAN,NEBRASKA,0.0,0,10.2,-7.8,27,3.6,4.6,0.9999999999999996,4.6,0.0,901.7,2,11,17,0.502,0.003378035966306925
2024-08-05 14:10:00,40.56,-98.8,KEARNEY,NEBRASKA,0.0,0,33.7,18.9,42,23.3,31.2,7.899999999999999,31.2,0.0,941.6,28,8,14,0.48,0.018312323838472366
2024-08-28 18:28:00,42.98,-100.28,CHERRY,NEBRASKA,0.0,0,31.4,15.6,39,17.8,31.4,13.599999999999998,31.4,0.0,924.7,22,8,18,0.496,0.02829308994114399
2024-08-05 15:20:00,40.32,-98.9,FRANKLIN,NEBRASKA,0.0,0,35.0,17.6,36,23.0,30.9,7.899999999999999,30.9,0.0,940.0,90,8,15,0.634,0.018312323838472366
2024-09-25 15:40:00,40.0075,-101.0594,HITCHCOCK,NEBRASKA,0.0,0,28.4,5.2,23,5.1,6.2,1.1000000000000005,6.2,0.0,914.9,0,9,15,0.759,0.0060960943810641766
2024-06-20 01:39:00,40.66,-100.03,FRONTIER,NEBRASKA,0.0,0,17.5,15.2,87,17.6,29.7,12.099999999999998,29.7,0.1,932.3,100,6,1,0.102,0.03658638149499893
2024-09-05 16:31:00,41.5853,-103.8734,BANNER,NEBRASKA,0.0,0,24.4,6.9,33,9.1,10.5,1.4000000000000004,10.5,0.0,872.5,21,9,16,0.467,0.004769870080053806
2024-07-25 21:20:00,41.68,-97.5,PLATTE,NEBRASKA,0.0,0,27.2,20.9,68,9.0,20.4,11.399999999999999,20.4,0.0,958.5,0,7,21,0.251,0.05044250935316086
2024-05-26 16:02:00,40.33,-95.67,NEMAHA,NEBRASKA,0.0,0,25.4,12.1,44,19.6,25.7,6.099999999999998,25.7,0.0,971.5,88,5,16,0.433,0.0060960943810641766
2024-08-30 14:38:00,40.25,-99.9,FURNAS,NEBRASKA,0.0,0,26.5,11.5,39,3.8,4.8,1.0,4.8,0.0,945.9,0,8,14,0.422,0.012217146344482899
2024-06-13 19:05:00,42.66,-99.63,ROCK,NEBRASKA,0.0,0,27.2,7.1,28,13.4,17.9,4.499999999999998,17.9,0.0,937.6,0,6,19,0.599,0.004769870080053806
2024-08-28 02:36:00,42.76,-98.45,HOLT,NEBRASKA,0.0,0,18.5,17.2,92,6.4,17.2,10.799999999999999,17.2,0.0,964.7,0,8,2,0.029,0.013658949173986912
2024-07-20 14:55:00,41.83,-103.67,SCOTTS BLUFF,NEBRASKA,0.0,0,23.2,13.3,54,14.1,17.9,3.799999999999999,17.9,0.0,890.8,73,7,14,0.35,0.0060960943810641766
2024-07-25 19:09:00,42.51,-101.76,CHERRY,NEBRASKA,0.0,0,33.0,9.1,23,26.0,37.5,11.5,37.5,0.0,894.9,0,7,19,0.976,0.0537942536175251
2024-07-16 18:00:00,40.1591,-100.7302,RED WILLOW,NEBRASKA,0.0,0,32.2,15.8,37,1.3,1.6,0.30000000000000004,1.6,0.0,923.9,22,7,18,0.502,0.012003092095255852
2024-08-18 18:22:00,40.3073,-100.9036,HITCHCOCK,NEBRASKA,0.0,0,27.6,20.6,66,7.0,8.5,1.5,8.5,0.0,920.9,94,8,18,0.269,0.012774139642715454
2024-06-19 20:25:00,42.7,-97.35,CEDAR,NEBRASKA,0.0,0,20.7,13.4,63,11.5,18.7,7.199999999999999,18.7,0.0,976.8,100,6,20,0.278,0.004769870080053806
2024-07-07 19:30:00,40.5376,-98.9104,KEARNEY,NEBRASKA,0.0,0,23.9,14.8,57,14.2,23.2,9.0,23.2,0.0,940.0,49,7,19,0.345,0.013658949173986912
2024-06-18 14:20:00,40.09,-98.65,WEBSTER,NEBRASKA,0.0,0,23.0,20.5,86,18.1,23.5,5.399999999999999,23.5,2.6,945.1,100,6,14,0.122,0.012003092095255852
2024-06-05 11:39:00,40.26,-99.9,FURNAS,NEBRASKA,0.0,0,24.0,16.2,62,20.6,28.2,7.599999999999998,28.2,0.0,932.7,0,6,11,0.32,0.013658949173986912
2024-05-26 15:40:00,41.1433,-96.0647,SARPY,NEBRASKA,0.0,0,23.3,15.6,62,11.8,15.1,3.299999999999999,15.1,0.0,964.1,50,5,15,0.289,0.013658949173986912
2024-08-30 14:40:00,40.14,-99.83,FURNAS,NEBRASKA,0.0,0,26.1,11.8,41,4.1,5.2,1.1000000000000005,5.2,0.0,946.2,0,8,14,0.422,0.012217146344482899
2024-04-30 18:07:00,41.87,-103.66,SCOTTS BLUFF,NEBRASKA,0.0,0,15.9,-8.9,17,35.6,49.1,13.5,49.1,0.0,877.5,11,4,18,0.772,0.0052962698973715305
2024-07-16 19:03:00,40.1901,-100.7245,RED WILLOW,NEBRASKA,0.0,0,28.2,17.5,52,21.1,26.3,5.199999999999999,26.3,0.8,927.0,80,7,19,0.404,0.013658949173986912
2024-08-02 14:41:00,42.92,-101.7,CHERRY,NEBRASKA,0.0,0,33.6,15.1,33,8.6,10.5,1.9000000000000004,10.5,0.0,912.1,23,8,14,0.464,0.012774139642715454
2024-06-19 22:48:00,40.3375,-101.3238,DUNDY,NEBRASKA,0.0,0,19.0,14.2,74,18.4,28.0,9.600000000000001,28.0,0.0,912.3,100,6,22,0.212,0.0060960943810641766
2024-08-19 12:36:00,41.76,-103.23,MORRILL,NEBRASKA,0.0,0,26.4,16.8,55,20.3,25.3,5.0,25.3,0.0,891.2,64,8,12,0.364,0.013658949173986912
2024-09-17 04:24:00,42.92,-99.2,BOYD,NEBRASKA,0.0,0,22.0,13.6,59,7.9,21.3,13.4,21.3,0.0,941.7,33,9,4,0.319,0.014486945234239101
2024-08-18 18:41:00,40.62,-101.98,CHASE,NEBRASKA,0.0,0,25.4,19.3,69,7.2,8.5,1.2999999999999998,8.5,0.0,899.0,35,8,18,0.238,0.012003092095255852
2024-07-27 16:29:00,40.88,-101.38,PERKINS,NEBRASKA,0.0,0,32.2,15.8,37,26.2,33.5,7.300000000000001,33.5,0.0,897.0,9,7,16,0.655,0.012003092095255852
2024-06-22 17:59:00,40.85,-101.47,PERKINS,NEBRASKA,0.0,0,29.0,15.1,43,7.0,8.6,1.5999999999999996,8.6,0.0,903.6,10,6,17,0.423,0.013658949173986912
2024-06-18 05:33:00,40.92,-96.5009,LANCASTER,NEBRASKA,0.0,0,26.1,19.1,65,32.0,50.4,18.4,50.4,0.0,964.0,6,6,5,0.335,0.03413207083940506
2024-06-02 20:52:00,40.33,-99.04,FRANKLIN,NEBRASKA,0.0,0,20.6,17.0,79,16.9,25.9,9.0,25.9,0.0,931.8,100,6,20,0.158,0.013658949173986912
2024-05-26 15:42:00,41.0831,-96.0867,SARPY,NEBRASKA,0.0,0,23.4,15.6,62,12.3,15.6,3.299999999999999,15.6,0.0,963.1,56,5,15,0.293,0.013658949173986912
2024-07-02 13:40:00,41.353,-103.1429,CHEYENNE,NEBRASKA,0.0,0,24.6,5.8,30,21.1,26.1,5.0,26.1,0.0,867.9,0,7,13,0.586,0.004769870080053806
2024-06-19 18:50:00,40.92,-98.35,HALL,NEBRASKA,0.0,0,22.0,12.0,53,17.7,23.8,6.100000000000001,23.8,0.0,956.2,88,6,18,0.366,0.004769870080053806
2024-06-22 15:17:00,41.45,-102.46,GARDEN,NEBRASKA,0.0,0,28.5,13.1,39,6.3,7.3,1.0,7.3,0.0,899.2,3,6,15,0.43,0.013658949173986912
2024-06-28 15:49:00,41.41,-103.65,BANNER,NEBRASKA,0.0,0,31.0,4.6,19,22.8,28.8,6.0,28.8,0.0,850.9,51,6,15,0.975,0.013658949173986912
2024-07-02 12:40:00,41.54,-103.66,BANNER,NEBRASKA,0.0,0,25.0,3.0,24,21.7,27.2,5.5,27.2,0.0,858.9,0,7,12,0.929,0.004486005287617445
2024-06-22 21:04:00,40.3407,-100.4228,RED WILLOW,NEBRASKA,0.0,0,25.6,18.8,66,7.5,15.9,8.4,15.9,0.0,923.8,7,6,21,0.262,0.013658949173986912
2023-09-04 15:31:00,39.9,-102.39,YUMA,COLORADO,0.0,0,34.3,8.6,21,13.0,15.8,2.8000000000000007,15.8,0.0,875.0,1,9,15,0.881,0.012003092095255852
2023-08-07 14:30:00,40.28,-102.25,YUMA,COLORADO,0.0,0,27.1,15.2,48,15.8,19.3,3.5,19.3,0.0,892.3,51,8,14,0.399,0.013658949173986912
2023-07-21 19:46:00,39.72,-104.99,DENVER,COLORADO,0.0,0,27.5,8.9,31,13.7,17.7,4.0,17.7,0.0,848.9,27,7,19,0.46,0.0060960943810641766
2023-07-12 11:38:00,38.45,-105.21,FREMONT,COLORADO,0.0,0,32.2,3.7,17,16.1,21.3,5.199999999999999,21.3,0.0,845.4,0,7,11,0.892,0.013658949173986912
2023-08-19 13:43:00,38.84,-104.68,EL PASO,COLORADO,0.0,0,31.8,3.8,17,13.4,14.1,0.6999999999999993,14.1,0.0,820.4,9,8,13,0.892,0.013658949173986912
2023-07-21 20:26:00,39.67,-105.21,JEFFERSON,COLORADO,0.0,0,21.2,10.7,51,4.9,10.7,5.799999999999999,10.7,0.0,806.3,1,7,20,0.358,0.004769870080053806
2023-06-09 16:38:00,39.99,-103.85,ADAMS,COLORADO,0.0,0,22.0,10.8,49,19.9,24.7,4.800000000000001,24.7,0.0,858.4,100,6,16,0.393,0.004769870080053806
2023-08-30 19:24:00,38.92,-104.78,EL PASO,COLORADO,0.0,0,27.2,2.8,21,11.6,19.0,7.4,19.0,0.0,807.4,76,8,19,0.894,0.004769870080053806
2023-07-11 16:28:00,39.45,-104.46,ELBERT,COLORADO,0.0,0,31.3,4.3,18,2.2,2.2,0.0,2.2,0.0,822.3,28,7,16,0.897,0.013658949173986912
2023-07-09 18:11:00,40.12,-102.72,YUMA,COLORADO,0.0,0,26.0,15.4,52,10.1,12.3,2.200000000000001,12.3,0.0,877.7,11,7,18,0.365,0.013658949173986912
2023-09-04 15:35:00,39.95,-102.28,YUMA,COLORADO,0.0,0,34.2,10.3,23,13.4,16.3,2.9000000000000004,16.3,0.0,876.7,3,9,15,0.769,0.012003092095255852
2023-08-05 16:19:00,39.51,-104.52,ELBERT,COLORADO,0.0,0,22.8,9.8,44,5.1,5.6,0.5,5.6,0.5,821.1,65,8,16,0.408,0.004769870080053806
2023-08-12 14:00:00,38.73,-103.42,LINCOLN,COLORADO,0.0,0,25.3,13.1,47,19.9,25.3,5.400000000000002,25.3,0.0,858.2,100,8,14,0.417,0.013658949173986912
2023-08-14 19:23:00,39.9412,-102.2422,YUMA,COLORADO,0.0,0,23.6,7.6,36,9.1,11.7,2.5999999999999996,11.7,0.0,894.4,0,8,19,0.489,0.004769870080053806
2023-07-21 17:00:00,39.95,-103.22,WASHINGTON,COLORADO,0.0,0,25.2,12.4,45,4.9,5.5,0.5999999999999996,5.5,0.0,865.7,40,7,17,0.401,0.0060960943810641766
2023-08-30 19:15:00,38.9,-104.78,EL PASO,COLORADO,0.0,0,27.2,2.8,21,11.6,19.0,7.4,19.0,0.0,812.6,76,8,19,0.894,0.004769870080053806
2023-07-22 13:51:00,39.63,-105.15,JEFFERSON,COLORADO,0.0,0,28.3,5.7,24,9.8,12.7,2.8999999999999986,12.7,0.0,836.7,11,7,13,0.715,0.0060960943810641766
2023-07-22 13:38:00,39.65,-105.19,JEFFERSON,COLORADO,0.0,0,28.2,5.7,24,9.2,11.5,2.3000000000000007,11.5,0.0,834.1,12,7,13,0.712,0.0060960943810641766
2023-09-06 13:40:00,40.62,-103.7,WELD,COLORADO,0.0,0,24.2,8.6,37,5.7,7.0,1.2999999999999998,7.0,0.0,866.2,0,9,13,0.423,0.004769870080053806
2023-08-05 18:50:00,38.86,-103.4,LINCOLN,COLORADO,0.0,0,25.0,14.1,51,6.2,7.0,0.7999999999999998,7.0,0.0,856.5,65,8,18,0.37,0.013658949173986912
2023-09-04 14:05:00,39.62,-103.58,WASHINGTON,COLORADO,0.0,0,31.3,5.6,20,5.4,7.3,1.8999999999999995,7.3,0.0,840.7,0,9,14,0.891,0.013658949173986912
2023-07-21 20:42:00,39.72,-104.95,DENVER,COLORADO,0.0,0,26.5,9.4,34,9.2,13.4,4.200000000000001,13.4,0.0,847.3,7,7,20,0.465,0.0060960943810641766
2023-06-09 15:07:00,39.46,-104.59,ELBERT,COLORADO,0.0,0,22.0,3.2,29,6.5,8.0,1.5,8.0,0.0,813.6,100,6,15,0.541,0.006285847630351782
2023-08-17 17:10:00,40.94,-102.39,SEDGWICK,COLORADO,0.0,0,29.9,14.1,38,18.9,23.7,4.800000000000001,23.7,0.0,897.8,59,8,17,0.454,0.013658949173986912
2023-09-04 13:15:00,38.98,-104.85,EL PASO,COLORADO,0.0,0,26.7,2.8,21,7.9,9.5,1.5999999999999996,9.5,0.0,796.1,2,9,13,0.879,0.004769870080053806
2023-08-20 17:22:00,40.61,-103.84,WELD,COLORADO,0.0,0,34.0,4.0,15,18.8,24.3,5.5,24.3,0.0,862.8,0,8,17,0.9,0.013658949173986912
2023-09-07 17:00:00,39.9316,-102.7083,YUMA,COLORADO,0.0,0,32.0,2.7,16,20.0,24.6,4.600000000000001,24.6,0.0,876.6,2,9,17,0.9,0.013658949173986912
2023-09-27 17:45:00,39.94,-104.11,ADAMS,COLORADO,0.0,0,29.4,0.4,15,8.7,10.6,1.9000000000000004,10.6,0.0,855.0,0,9,17,0.9,0.004769870080053806
2023-06-09 14:20:00,38.84,-105.17,TELLER,COLORADO,0.0,0,16.5,-1.4,29,10.3,13.7,3.3999999999999986,13.7,1.4,731.6,97,6,14,0.466,0.003378035966306925
2023-08-06 16:40:00,38.75,-105.18,TELLER,COLORADO,0.0,0,19.3,4.4,37,17.7,25.1,7.400000000000002,25.1,0.5,730.8,59,8,16,0.448,0.003378035966306925
2023-06-25 13:32:00,39.82,-105.14,JEFFERSON,COLORADO,0.0,0,21.3,12.2,56,10.7,12.7,2.0,12.7,0.0,841.1,33,6,13,0.328,0.004769870080053806
2023-08-06 14:23:00,38.91,-104.72,EL PASO,COLORADO,0.0,0,19.9,10.6,55,14.8,17.7,2.8999999999999986,17.7,0.0,806.8,76,8,14,0.333,0.004769870080053806
2023-07-28 19:54:00,40.93,-103.23,LOGAN,COLORADO,0.0,0,28.5,11.8,35,13.6,17.6,4.000000000000002,17.6,0.0,869.8,74,7,19,0.5,0.013658949173986912
2023-09-04 14:08:00,38.78,-104.55,EL PASO,COLORADO,0.0,0,29.8,0.9,16,29.6,36.9,7.299999999999997,36.9,0.0,812.7,4,9,14,0.978,0.0060960943810641766
2023-06-08 22:20:00,40.05,-105.03,WELD,COLORADO,0.0,0,16.5,13.9,84,5.2,7.1,1.8999999999999995,7.1,0.0,844.7,100,6,22,0.11,0.004769870080053806
2023-08-20 20:52:00,39.07,-104.8,EL PASO,COLORADO,0.0,0,26.4,1.3,20,10.1,21.6,11.500000000000002,21.6,0.0,786.8,83,8,20,0.894,0.019296586513519287
2023-09-02 16:05:00,39.27,-104.18,ELBERT,COLORADO,0.0,0,33.7,-2.0,10,18.0,22.3,4.300000000000001,22.3,0.0,824.8,12,9,16,0.9,0.013658949173986912
2023-06-08 22:18:00,40.09,-105.0,WELD,COLORADO,0.0,0,16.5,13.9,85,4.5,9.5,5.0,9.5,0.0,846.8,100,6,22,0.11,0.004769870080053806
2023-08-09 16:07:00,39.34,-102.26,KIT CARSON,COLORADO,0.0,0,26.5,9.2,34,19.9,26.3,6.400000000000002,26.3,0.0,877.8,71,8,16,0.536,0.0060960943810641766
2023-06-09 14:59:00,39.62,-104.78,ARAPAHOE,COLORADO,0.0,0,21.1,5.7,36,8.9,10.3,1.4000000000000004,10.3,0.0,827.3,99,6,14,0.418,0.006285847630351782
2024-09-19 18:45:00,38.9,-104.54,EL PASO,COLORADO,0.0,0,22.8,-1.6,20,26.7,33.8,7.099999999999998,33.8,0.0,805.5,70,9,18,0.964,0.003378035966306925
2024-06-29 22:17:00,39.69,-104.84,ARAPAHOE,COLORADO,0.0,0,22.8,13.1,55,16.2,28.0,11.8,28.0,0.0,840.3,80,6,22,0.379,0.01848427765071392
2024-09-20 16:08:00,37.58,-106.15,RIO GRANDE,COLORADO,0.0,0,24.3,-2.0,17,9.8,14.0,4.199999999999999,14.0,0.0,774.9,17,9,16,0.897,0.006285847630351782
2024-07-08 16:50:00,38.9519,-102.7528,CHEYENNE,COLORADO,0.0,0,24.9,7.1,32,2.0,2.0,0.0,2.0,0.0,870.8,29,7,16,0.44,0.004769870080053806
2024-07-01 16:27:00,40.62,-103.24,LOGAN,COLORADO,0.0,0,29.9,14.5,39,12.7,15.2,2.5,15.2,0.0,878.6,99,7,16,0.432,0.013658949173986912
2024-09-21 17:27:00,39.4039,-102.0934,KIT CARSON,COLORADO,0.0,0,21.6,2.9,29,25.1,33.8,8.699999999999996,33.8,0.0,882.8,99,9,17,0.718,0.004406875465065241
2024-09-11 16:30:00,40.85,-103.93,WELD,COLORADO,0.0,0,25.5,5.8,28,24.7,31.1,6.400000000000002,31.1,0.0,847.0,76,9,16,0.855,0.004769870080053806
2024-06-14 15:00:00,38.89,-104.48,EL PASO,COLORADO,0.0,0,23.9,10.2,42,7.9,9.0,1.0999999999999996,9.0,0.0,812.9,57,6,15,0.415,0.004769870080053806
2024-07-09 15:40:00,39.61,-104.77,ARAPAHOE,COLORADO,0.0,0,29.3,-1.3,14,19.1,23.2,4.099999999999998,23.2,0.0,832.7,58,7,15,0.9,0.004769870080053806
2024-06-19 20:32:00,40.1649,-102.4748,YUMA,COLORADO,0.0,0,19.5,12.2,63,23.0,31.1,8.100000000000001,31.1,0.0,887.9,100,6,20,0.305,0.004769870080053806
2024-06-29 20:28:00,39.93,-105.02,BROOMFIELD,COLORADO,0.0,0,26.8,9.0,33,12.6,15.8,3.200000000000001,15.8,0.0,849.9,52,6,20,0.444,0.0060960943810641766
2024-07-29 17:26:00,39.84,-105.08,JEFFERSON,COLORADO,0.0,0,35.3,-5.7,7,13.3,16.3,3.0,16.3,0.0,839.0,99,7,17,0.9,0.013658949173986912
2024-06-29 19:58:00,40.1,-105.18,BOULDER,COLORADO,0.0,0,29.0,8.2,27,8.0,10.7,2.6999999999999993,10.7,0.0,852.9,78,6,19,0.641,0.013658949173986912
2024-06-19 20:09:00,38.82,-104.74,EL PASO,COLORADO,0.0,0,14.1,10.2,78,19.7,26.9,7.199999999999999,26.9,0.1,822.4,100,6,20,0.172,0.004486005287617445
2024-09-12 18:30:00,40.0893,-102.66,YUMA,COLORADO,0.0,0,30.1,9.0,27,35.5,50.0,14.5,50.0,0.0,869.8,17,9,18,0.888,0.027356797829270363
2024-06-27 16:40:00,39.2909,-103.0681,KIT CARSON,COLORADO,0.0,0,32.5,11.8,28,6.2,7.6,1.3999999999999995,7.6,0.0,847.6,99,6,16,0.609,0.013658949173986912
2024-07-01 16:54:00,40.65,-102.67,LOGAN,COLORADO,0.0,0,26.2,17.2,58,24.1,32.3,8.199999999999996,32.3,0.0,874.4,100,7,16,0.37,0.013658949173986912
2024-06-29 21:53:00,39.73,-104.97,DENVER,COLORADO,0.0,0,26.0,9.9,36,5.4,9.0,3.5999999999999996,9.0,0.0,846.8,100,6,21,0.493,0.0060960943810641766
2024-06-29 21:05:00,39.81,-104.87,DENVER,COLORADO,0.0,0,25.8,12.4,43,11.2,15.8,4.600000000000001,15.8,0.0,849.7,80,6,21,0.409,0.012217146344482899
2024-06-19 19:58:00,40.17,-102.66,YUMA,COLORADO,0.0,0,18.1,12.5,70,25.2,33.2,8.000000000000004,33.2,0.0,883.2,100,6,19,0.247,0.004769870080053806
2024-06-19 19:26:00,40.09,-102.97,WASHINGTON,COLORADO,0.0,0,17.5,12.2,71,27.3,36.6,9.3,36.6,0.0,872.3,100,6,19,0.241,0.004769870080053806
2024-06-27 21:02:00,40.39,-104.7,WELD,COLORADO,0.0,0,30.0,5.2,21,29.3,45.8,16.499999999999996,45.8,0.0,851.4,100,6,21,0.979,0.03872102499008179
2024-07-13 16:36:00,39.56,-103.33,LINCOLN,COLORADO,0.0,0,35.8,2.8,13,19.1,24.1,5.0,24.1,0.0,854.9,88,7,16,0.9,0.012003092095255852
2024-06-27 20:50:00,40.4,-104.68,WELD,COLORADO,0.0,0,32.5,5.1,18,12.3,21.1,8.8,21.1,0.0,853.3,100,6,20,0.897,0.013658949173986912
2024-08-02 17:04:00,38.96,-104.09,EL PASO,COLORADO,0.0,0,28.1,7.8,28,24.3,30.5,6.199999999999999,30.5,0.0,826.6,22,8,17,0.86,0.0060960943810641766
2024-08-06 16:44:00,38.85,-104.71,EL PASO,COLORADO,0.0,0,28.7,13.1,38,12.7,15.8,3.1000000000000014,15.8,0.5,820.5,63,8,16,0.44,0.013658949173986912
2024-06-29 22:10:00,39.69,-104.87,ARAPAHOE,COLORADO,0.0,0,22.8,13.1,55,16.2,28.0,11.8,28.0,0.0,841.7,80,6,22,0.379,0.01848427765071392
2024-06-29 21:50:00,39.71,-104.69,ARAPAHOE,COLORADO,0.0,0,23.2,13.9,56,14.7,30.1,15.400000000000002,30.1,0.0,837.9,100,6,21,0.372,0.039271432906389236
2024-08-18 20:00:00,39.7011,-102.2919,YUMA,COLORADO,0.0,0,26.0,19.8,68,16.2,24.4,8.2,24.4,0.0,885.8,29,8,20,0.254,0.012003092095255852
2024-08-02 13:29:00,40.76,-103.06,LOGAN,COLORADO,0.0,0,32.3,13.1,31,13.2,16.4,3.1999999999999993,16.4,0.0,894.6,0,8,13,0.466,0.012003092095255852
2024-06-30 17:21:00,39.23,-103.8,ELBERT,COLORADO,0.0,0,27.7,14.1,43,24.1,30.6,6.5,30.6,0.0,834.7,93,6,17,0.464,0.013658949173986912
2024-07-08 17:13:00,38.7877,-102.7007,CHEYENNE,COLORADO,0.0,0,24.7,8.5,36,2.3,2.6,0.30000000000000027,2.6,0.0,877.4,21,7,17,0.491,0.004769870080053806
2024-06-27 20:47:00,40.42,-104.7,WELD,COLORADO,0.0,0,32.5,5.1,18,12.3,21.1,8.8,21.1,0.0,853.2,100,6,20,0.897,0.013658949173986912
2024-06-29 20:35:00,39.9,-104.97,ADAMS,COLORADO,0.0,0,26.7,12.7,42,10.1,14.0,3.9000000000000004,14.0,0.0,847.1,39,6,20,0.421,0.013658949173986912
2024-06-30 17:48:00,39.14,-103.69,LINCOLN,COLORADO,0.0,0,27.5,14.2,44,25.0,31.0,6.0,31.0,0.0,841.6,82,6,17,0.461,0.013658949173986912
2024-08-19 18:45:00,40.28,-105.16,LARIMER,COLORADO,0.0,0,26.7,12.1,40,5.2,6.2,1.0,6.2,0.0,851.2,100,8,18,0.418,0.013658949173986912
2024-07-08 14:25:00,40.23,-104.07,MORGAN,COLORADO,0.0,0,25.5,6.1,29,4.0,4.7,0.7000000000000002,4.7,0.0,868.6,2,7,14,0.585,0.004769870080053806
2024-06-19 20:55:00,40.0,-102.49,YUMA,COLORADO,0.0,0,19.1,12.4,65,24.1,32.8,8.699999999999996,32.8,0.0,887.6,100,6,20,0.288,0.004769870080053806
2024-08-06 16:42:00,37.91,-104.79,PUEBLO,COLORADO,0.0,0,28.1,11.9,37,6.1,8.2,2.0999999999999996,8.2,1.0,826.7,98,8,16,0.513,0.013658949173986912
